trip_id,trip_length,car_id,car_construction_year,car_engine_displacement,car_fuel_type,car_manufacturer,car_model,measure_index,latitude,longitude,time,time_type,time_light_type_num,road_name,osmap_id,Throttle Position_value,Throttle Position_unit,Speed_value,Speed_unit,Rpm_value,Rpm_unit,O2 Lambda Voltage_value,O2 Lambda Voltage_unit,O2 Lambda Voltage ER_value,O2 Lambda Voltage ER_unit,O2 Lambda Current_value,O2 Lambda Current_unit,O2 Lambda Current ER_value,O2 Lambda Current ER_unit,MAF_value,MAF_unit,Intake Temperature_value,Intake Temperature_unit,Intake Pressure_value,Intake Pressure_unit,GPS VDOP_value,GPS VDOP_unit,GPS Speed_value,GPS Speed_unit,GPS PDOP_value,GPS PDOP_unit,GPS HDOP_value,GPS HDOP_unit,GPS Bearing_value,GPS Bearing_unit,GPS Altitude_value,GPS Altitude_unit,GPS Accuracy_value,GPS Accuracy_unit,Engine Load_value,Engine Load_unit,Consumption_value,Consumption_unit,Calculated MAF_value,Calculated MAF_unit,CO2_value,CO2_unit,FIXME,access:lanes,access:lanes:forward,alt_name,area,bdouble,bicycle:left,bridge:name,bridge:structure,bus,bus:lanes,bus:lanes:forward,class:bicycle,cycleway,cycleway:both,destination:lanes:forward,destination:ref,destination:ref:lanes,destination:symbol:lanes,fixed,fixme,footway,footway:left.sloped_curb.end,footway:left.sloped_curb.start,footway:left.wheelchair,footway:left.wheelchair.end,footway:left.wheelchair.start,footway:left:incline,footway:left:smoothness,footway:left:surface,footway:left:width,footway:right.sloped_curb.end,footway:right.sloped_curb.start,footway:right.wheelchair,footway:right.wheelchair.end,footway:right.wheelchair.start,footway:right:incline,footway:right:smoothness,footway:right:surface,footway:right:width,frequency,gauge,highway,history,lanes,left:sloped_curb,length,lit,lit_by_gaslight,loc_name,local_ref,maxaxleload,maxspeed,maxspeed:conditional,maxspeed:wet,name:de,old_name,oneway,parking:condition:both:1,parking:condition:both:1:residents,parking:condition:both:2,parking:condition:both:2:ticket,parking:condition:left:1,parking:condition:left:1:maxstay,parking:condition:left:1:residents,parking:condition:left:1:ticket,parking:condition:left:1:time_interval,parking:condition:left:2,parking:condition:left:2:ticket,parking:condition:left:2:time_interval,parking:condition:left:3,parking:condition:left:3:residents,parking:condition:left:3:time_interval,parking:lane:both,parking:lane:left,parking:lane:right,placement:backward,proposed,psv:lanes,psv:lanes:forward,public_transport,ref:IFOPT,ref_old,right:sloped_curb,surface,tmc,traffic_calming,wheelchair,width,wikidata,wikipedia
57778274e4b0ea24642b5f29,3.3417451876563695,57500af0e4b09078f98230a5,2011,1229,gasoline,Opel,Corsa,0,51.19508443236598,6.435549339221392,2016-07-02T08:39:39Z,daylight,2,"Viersener Straße, Gladbach, Dahl, Mönchengladbach, Regierungsbezirk Düsseldorf, Nordrhein-Westfalen, 41061, Deutschland",30239427,20.0,%,0.0,km/h,675.0,u/min,,,,,,,,,1.8896765640482425,l/s,28.999999351799488,c,43.00000128149986,kPa,1.1280966758728028,precision,0.0,km/h,1.4,precision,0.6,precision,0.0,deg,137.6000041007996,m,5.000000149011612,%,8.627450942993164,%,0.6211784349699743,l/h,,,1.4597693221794397,kg/h,,,,,,,,,,,,,,lane,,,,,,,,,,,,,,,,,,,,,,,,,,,,,secondary,,2,,,,,,,,50,,,,,yes,,,,,,,,,,,,,,,,,,,,,,,,,,,,,,,,,
57778274e4b0ea24642b5f29,3.3417451876563695,57500af0e4b09078f98230a5,2011,1229,gasoline,Opel,Corsa,1,51.195082906633615,6.435549147427082,2016-07-02T08:39:44Z,daylight,2,"Viersener Straße, Gladbach, Dahl, Mönchengladbach, Regierungsbezirk Düsseldorf, Nordrhein-Westfalen, 41061, Deutschland",30239427,20.0,%,0.0,km/h,685.2291746735573,u/min,,,,,,,,,1.8700000047683716,l/s,28.999999351799488,c,42.373961210250854,kPa,1.0999999672174454,precision,0.0,km/h,1.3999999582767486,precision,0.5999999821186066,precision,0.0,deg,137.60000000000002,m,5.0,%,8.627451200111238,%,0.6147103152231327,l/h,,,1.4445692407743618,kg/h,,,,,,,,,,,,,,lane,,,,,,,,,,,,,,,,,,,,,,,,,,,,,secondary,,2,,,,,,,,50,,,,,yes,,,,,,,,,,,,,,,,,,,,,,,,,,,,,,,,,
57778274e4b0ea24642b5f29,3.3417451876563695,57500af0e4b09078f98230a5,2011,1229,gasoline,Opel,Corsa,2,51.195082906633615,6.435549147427082,2016-07-02T08:39:49Z,daylight,2,"Viersener Straße, Gladbach, Dahl, Mönchengladbach, Regierungsbezirk Düsseldorf, Nordrhein-Westfalen, 41061, Deutschland",30239427,20.0,%,0.0,km/h,672.7925361245871,u/min,,,,,,,,,1.8463660924519338,l/s,28.999999567866325,c,42.217931032180786,kPa,1.1664335668087005,precision,0.0,km/h,1.4,precision,0.6,precision,0.0,deg,137.60000000000002,m,5.0,%,8.627451200111238,%,0.6069413261039092,l/h,,,1.4263121163441865,kg/h,,,,,,,,,,,,,,lane,,,,,,,,,,,,,,,,,,,,,,,,,,,,,secondary,,2,,,,,,,,50,,,,,yes,,,,,,,,,,,,,,,,,,,,,,,,,,,,,,,,,
57778274e4b0ea24642b5f29,3.3417451876563695,57500af0e4b09078f98230a5,2011,1229,gasoline,Opel,Corsa,3,51.195082906633615,6.435549147427082,2016-07-02T08:39:54Z,daylight,2,"Viersener Straße, Gladbach, Dahl, Mönchengladbach, Regierungsbezirk Düsseldorf, Nordrhein-Westfalen, 41061, Deutschland",30239427,20.0,%,0.0,km/h,684.0013640307589,u/min,,,,,,,,,1.8399999785423269,l/s,28.99999913573265,c,43.00000128149986,kPa,1.1999999642372132,precision,0.0,km/h,1.3999999582767486,precision,0.5999999821186066,precision,0.0,deg,137.60000000000002,m,5.0,%,8.627451200111238,%,0.6048486438161327,l/h,,,1.4213943129679119,kg/h,,,,,,,,,,,,,,lane,,,,,,,,,,,,,,,,,,,,,,,,,,,,,secondary,,2,,,,,,,,50,,,,,yes,,,,,,,,,,,,,,,,,,,,,,,,,,,,,,,,,
57778274e4b0ea24642b5f29,3.3417451876563695,57500af0e4b09078f98230a5,2011,1229,gasoline,Opel,Corsa,4,51.19508443236598,6.435549339221392,2016-07-02T08:39:59Z,daylight,2,"Viersener Straße, Gladbach, Dahl, Mönchengladbach, Regierungsbezirk Düsseldorf, Nordrhein-Westfalen, 41061, Deutschland",30239427,20.0,%,0.0,km/h,676.0371313728392,u/min,,,,,,,,,1.8292457993070492,l/s,29.00000086426735,c,42.000000312924385,kPa,1.2628165781497955,precision,0.0,km/h,1.4628165721893311,precision,0.5999999821186065,precision,0.0,deg,137.6000041007996,m,5.000000149011612,%,8.235294219325567,%,0.6013135075108778,l/h,,,1.4130867426505627,kg/h,,,,,,,,,,,,,,lane,,,,,,,,,,,,,,,,,,,,,,,,,,,,,secondary,,2,,,,,,,,50,,,,,yes,,,,,,,,,,,,,,,,,,,,,,,,,,,,,,,,,
57778274e4b0ea24642b5f29,3.3417451876563695,57500af0e4b09078f98230a5,2011,1229,gasoline,Opel,Corsa,5,51.19511392619404,6.435514580213301,2016-07-02T08:40:04Z,daylight,2,"Viersener Straße, Gladbach, Dahl, Mönchengladbach, Regierungsbezirk Düsseldorf, Nordrhein-Westfalen, 41061, Deutschland",30239427,39.82172691822052,%,19.696202248334885,km/h,1980.9491809015162,u/min,,,,,,,,,10.270975821792149,l/s,28.000000834465027,c,96.88082344830036,kPa,1.1276112020015718,precision,11.288987402278849,km/h,1.4000000417232512,precision,0.6000000178813933,precision,346.81833180173817,deg,132.06983298659327,m,5.0,%,40.62286997134339,%,3.3762966678949677,l/h,,,7.934297169553174,kg/h,,,,,,,,,,,,,,lane,,,,,,,,,,,,,,,,,,,,,,,,,,,,,secondary,,2,,,,,,,,50,,,,,yes,,,,,,,,,,,,,,,,,,,,,,,,,,,,,,,,,
57778274e4b0ea24642b5f29,3.3417451876563695,57500af0e4b09078f98230a5,2011,1229,gasoline,Opel,Corsa,6,51.195212647660746,6.435213155031099,2016-07-02T08:40:09Z,daylight,2,"Viersener Straße, Gladbach, Dahl, Mönchengladbach, Regierungsbezirk Düsseldorf, Nordrhein-Westfalen, 41061, Deutschland",13852084,31.676016807556152,%,25.0,km/h,1848.2853559926152,u/min,,,,,,,,,7.14217962253656,l/s,27.000000804662704,c,68.21951119601727,kPa,1.1267198741436006,precision,22.613740751892294,km/h,1.326719880104065,precision,0.6000000178813933,precision,270.62583104052555,deg,130.24022454321383,m,5.000000149011612,%,16.529739814920333,%,2.347792233130769,l/h,,,5.517311747857307,kg/h,,,,,,,,,,,,,,,,,,,,,,,,,,,,,,,,,,,,,,,,,,,secondary,,2,,,,,,,,50,,,,,yes,,,,,,,,,,,,,,,,,,,,,,,,,,,,,,,,,
57778274e4b0ea24642b5f29,3.3417451876563695,57500af0e4b09078f98230a5,2011,1229,gasoline,Opel,Corsa,7,51.19523769547004,6.434811831249997,2016-07-02T08:40:14Z,daylight,2,"Viersener Straße, Gladbach, Dahl, Mönchengladbach, Regierungsbezirk Düsseldorf, Nordrhein-Westfalen, 41061, Deutschland",13852084,23.000000342726707,%,9.389196395874023,km/h,1126.075330287218,u/min,,,,,,,,,3.074072019236567,l/s,28.000000834465027,c,36.99999972432852,kPa,1.1000000327825548,precision,13.095416714711405,km/h,1.3698380976915359,precision,0.6000000178813935,precision,283.30701169727945,deg,129.30000385344024,m,5.000000149011612,%,10.606233905543377,%,1.01051538777808,l/h,,,2.374711161278488,kg/h,,,,,,,,,,,,,,,,,,,,,,,,,,,,,,,,,,,,,,,,,,,secondary,,2,,,,,,,,50,,,,,yes,,,,,,,,,,,,,,,,,,,,,,,,,,,,,,,,,
57778274e4b0ea24642b5f29,3.3417451876563695,57500af0e4b09078f98230a5,2011,1229,gasoline,Opel,Corsa,8,51.19522690452626,6.43474233729288,2016-07-02T08:40:19Z,daylight,2,"Viersener Straße, Gladbach, Dahl, Mönchengladbach, Regierungsbezirk Düsseldorf, Nordrhein-Westfalen, 41061, Deutschland",13852084,23.000000685453415,%,2.0000000596046448,km/h,712.888288885355,u/min,,,,,,,,,2.3463561610130412,l/s,28.0,c,69.06410175561905,kPa,1.1,precision,1.3579028844217618,km/h,1.4,precision,0.6,precision,269.9742373256395,deg,128.8690082669258,m,5.0,%,11.464854223674877,%,0.771299107852527,l/h,,,1.8125529034534384,kg/h,,,,,,,,,,,,,,,,,,,,,,,,,,,,,,,,,,,,,,,,,,,secondary,,2,,,,,,,,50,,,,,yes,,,,,,,,,,,,,,,,,,,,,,,,,,,,,,,,,
57778274e4b0ea24642b5f29,3.3417451876563695,57500af0e4b09078f98230a5,2011,1229,gasoline,Opel,Corsa,9,51.19521725154762,6.434732306831107,2016-07-02T08:40:24Z,daylight,2,"Viersener Straße, Gladbach, Dahl, Mönchengladbach, Regierungsbezirk Düsseldorf, Nordrhein-Westfalen, 41061, Deutschland",13852084,20.0,%,0.0,km/h,684.8276797533035,u/min,,,,,,,,,1.7618328990443857,l/s,28.0,c,42.00000125169754,kPa,1.2708249509334564,precision,0.0,km/h,1.4708249509334563,precision,0.6,precision,271.1757382850419,deg,128.79999616146083,m,4.999999850988388,%,8.235294464756464,%,0.5791533978505035,l/h,,,1.3610104849486833,kg/h,,,,,,,,,,,,,,,,,,,,,,,,,,,,,,,,,,,,,,,,,,,secondary,,2,,,,,,,,50,,,,,yes,,,,,,,,,,,,,,,,,,,,,,,,,,,,,,,,,
57778274e4b0ea24642b5f29,3.3417451876563695,57500af0e4b09078f98230a5,2011,1229,gasoline,Opel,Corsa,10,51.195218777284026,6.434732498601079,2016-07-02T08:40:29Z,daylight,2,"Viersener Straße, Gladbach, Dahl, Mönchengladbach, Regierungsbezirk Düsseldorf, Nordrhein-Westfalen, 41061, Deutschland",13852084,19.999999944120646,%,0.0,km/h,681.0946142673492,u/min,,,,,,,,,1.7612516948563979,l/s,27.999999165534973,c,40.99999877810478,kPa,1.2717999994754792,precision,0.0,km/h,1.4717999994754791,precision,0.6,precision,271.3699951171875,deg,128.79999999999995,m,5.0,%,8.235294342041016,%,0.5789623431934469,l/h,,,1.3605615065046002,kg/h,,,,,,,,,,,,,,,,,,,,,,,,,,,,,,,,,,,,,,,,,,,secondary,,2,,,,,,,,50,,,,,yes,,,,,,,,,,,,,,,,,,,,,,,,,,,,,,,,,
57778274e4b0ea24642b5f29,3.3417451876563695,57500af0e4b09078f98230a5,2011,1229,gasoline,Opel,Corsa,11,51.195216426883654,6.434723096999591,2016-07-02T08:40:34Z,daylight,2,"Viersener Straße, Gladbach, Dahl, Mönchengladbach, Regierungsbezirk Düsseldorf, Nordrhein-Westfalen, 41061, Deutschland",13852084,51.92927786707878,%,9.625,km/h,1663.9716183543205,u/min,,,,,,,,,13.983224731830433,l/s,28.0,c,96.6519286930561,kPa,1.3,precision,2.715398225384604,km/h,1.6,precision,0.8,precision,266.72719028518077,deg,128.51603677272794,m,5.0,%,40.62204296932259,%,4.596594898834822,l/h,,,10.801998012261832,kg/h,,,,,,,,,,,,,,,,,,,,,,,,,,,,,,,,,,,,,,,,,,,secondary,,2,,,,,,,,50,,,,,yes,,,,,,,,,,,,,,,,,,,,,,,,,,,,,,,,,
57778274e4b0ea24642b5f29,3.3417451876563695,57500af0e4b09078f98230a5,2011,1229,gasoline,Opel,Corsa,12,51.19520048416677,6.434392141375491,2016-07-02T08:40:39Z,daylight,2,"Viersener Straße, Gladbach, Dahl, Mönchengladbach, Regierungsbezirk Düsseldorf, Nordrhein-Westfalen, 41061, Deutschland",13852084,38.25387905910611,%,32.82093566656113,km/h,2417.5906611680984,u/min,,,,,,,,,16.613252005554614,l/s,26.999999195337296,c,84.25730180740356,kPa,1.2247224852442742,precision,22.835654617137607,km/h,1.4247224822640419,precision,0.6494449973106384,precision,270.08561364662455,deg,127.94364753961563,m,5.0,%,28.580765579539275,%,5.461142968542813,l/h,,,12.83368597607561,kg/h,,,,,,,,,,,,,,,,,,,,,,,,,,,,,,,,,,,,,,,,,,,secondary,,2,,,,,,,,50,,,,,yes,,,,,,,,,,,,,,,,,,,,,,,,,,,,,,,,,
57778274e4b0ea24642b5f29,3.3417451876563695,57500af0e4b09078f98230a5,2011,1229,gasoline,Opel,Corsa,13,51.19539458541002,6.433839848587932,2016-07-02T08:40:44Z,daylight,2,"Viersener Straße, Gladbach, Westend, Mönchengladbach, Regierungsbezirk Düsseldorf, Nordrhein-Westfalen, 41061, Deutschland",440353850,32.31111040711403,%,43.34831589460373,km/h,2159.1544944643974,u/min,,,,,,,,,8.50907735410562,l/s,26.999999597668648,c,64.52500021457672,kPa,1.3721712529659271,precision,38.36899542808533,km/h,1.6481141686439515,precision,0.8,precision,315.3350180712587,deg,128.7452887535095,m,5.0,%,16.871471541886393,%,2.7971217161831925,l/h,,,6.573236033030502,kg/h,,,,,,,,,,,,,,lane,,,,,,,,,,,,,,,,,,,,,,,,,,,,,secondary,,2,,,,,,,,50,,,,,yes,,,,,,,,,,,,,,,,,,,,,,,,,,,,,,,,,
57778274e4b0ea24642b5f29,3.3417451876563695,57500af0e4b09078f98230a5,2011,1229,gasoline,Opel,Corsa,14,51.195893880306535,6.433291746966303,2016-07-02T08:40:49Z,daylight,2,"Viersener Straße, Gladbach, Westend, Mönchengladbach, Regierungsbezirk Düsseldorf, Nordrhein-Westfalen, 41061, Deutschland",440353850,24.000000715255737,%,35.90858721733093,km/h,1330.3351819515228,u/min,,,,,,,,,3.200000068545342,l/s,27.000000402331352,c,32.134534388780594,kPa,1.6000000476837157,precision,43.250840589404106,km/h,1.9000000566244126,precision,1.0000000298023224,precision,326.24096347992236,deg,129.57182692289354,m,5.0,%,10.08325142304912,%,1.0519107196971402,l/h,,,2.47199019128828,kg/h,,,,,,,,,,,,,,lane,,,,,,,,,,,,,,,,,,,,,,,,,,,,,secondary,,2,,,,,,,,50,,,,,yes,,,,,,,,,,,,,,,,,,,,,,,,,,,,,,,,,
57778274e4b0ea24642b5f29,3.3417451876563695,57500af0e4b09078f98230a5,2011,1229,gasoline,Opel,Corsa,15,51.1961479658708,6.432952854754393,2016-07-02T08:40:54Z,daylight,2,"Viersener Straße, Gladbach, Westend, Mönchengladbach, Regierungsbezirk Düsseldorf, Nordrhein-Westfalen, 41061, Deutschland",440353850,21.040113985538483,%,5.455056190490723,km/h,875.3516182303429,u/min,,,,,,,,,2.1762411529211496,l/s,27.999999582767487,c,39.32303488254547,kPa,1.5999999761581423,precision,12.77210989321759,km/h,1.8188921585679054,precision,0.8377843588590622,precision,335.12265612473675,deg,130.1359432116151,m,4.999999925494194,%,8.770253371961914,%,0.7153785463649854,l/h,,,1.681139583957716,kg/h,,,,,,,,,,,,,,lane,,,,,,,,,,,,,,,,,,,,,,,,,,,,,secondary,,2,,,,,,,,50,,,,,yes,,,,,,,,,,,,,,,,,,,,,,,,,,,,,,,,,
57778274e4b0ea24642b5f29,3.3417451876563695,57500af0e4b09078f98230a5,2011,1229,gasoline,Opel,Corsa,16,51.196172973141074,6.432932484894991,2016-07-02T08:40:59Z,daylight,2,"Viersener Straße, Gladbach, Westend, Mönchengladbach, Regierungsbezirk Düsseldorf, Nordrhein-Westfalen, 41061, Deutschland",440353850,20.000000298023224,%,0.0,km/h,687.3366336226463,u/min,,,,,,,,,1.8099999731220295,l/s,28.000000834465027,c,43.58840039372444,kPa,1.4000000417232514,precision,0.0,km/h,1.6000000476837157,precision,0.8000000238418579,precision,358.51023291356614,deg,130.5,m,5.0,%,8.235294342041016,%,0.5949869792484415,l/h,,,1.3982194012338376,kg/h,,,,,,,,,,,,,,lane,,,,,,,,,,,,,,,,,,,,,,,,,,,,,secondary,,2,,,,,,,,50,,,,,yes,,,,,,,,,,,,,,,,,,,,,,,,,,,,,,,,,
57778274e4b0ea24642b5f29,3.3417451876563695,57500af0e4b09078f98230a5,2011,1229,gasoline,Opel,Corsa,17,51.196173736023496,6.432932580753155,2016-07-02T08:41:04Z,daylight,2,"Viersener Straße, Gladbach, Westend, Mönchengladbach, Regierungsbezirk Düsseldorf, Nordrhein-Westfalen, 41061, Deutschland",440353850,20.0,%,0.0,km/h,678.7791666388512,u/min,,,,,,,,,1.8200000931322586,l/s,28.000000417232513,c,43.54951184988022,kPa,1.4,precision,0.0,km/h,1.7,precision,0.8,precision,357.4840919419148,deg,130.50000194460154,m,5.000000074505806,%,8.235294342041016,%,0.598274239627095,l/h,,,1.4059444631236733,kg/h,,,,,,,,,,,,,,lane,,,,,,,,,,,,,,,,,,,,,,,,,,,,,secondary,,2,,,,,,,,50,,,,,yes,,,,,,,,,,,,,,,,,,,,,,,,,,,,,,,,,
57778274e4b0ea24642b5f29,3.3417451876563695,57500af0e4b09078f98230a5,2011,1229,gasoline,Opel,Corsa,18,51.19617221025865,6.432932389036827,2016-07-02T08:41:09Z,daylight,2,"Viersener Straße, Gladbach, Westend, Mönchengladbach, Regierungsbezirk Düsseldorf, Nordrhein-Westfalen, 41061, Deutschland",440353850,45.58241903781891,%,0.6867977678775787,km/h,1041.4257774353027,u/min,,,,,,,,,11.989958596175674,l/s,28.00000062584877,c,69.18627446889877,kPa,1.3999999791383742,precision,0.0,km/h,1.6999999746680259,precision,0.7999999880790711,precision,357.469995893985,deg,130.49999805539846,m,4.999999925494194,%,30.650439761918165,%,3.94136428308747,l/h,,,9.262206065255555,kg/h,,,,,,,,,,,,,,lane,,,,,,,,,,,,,,,,,,,,,,,,,,,,,secondary,,2,,,,,,,,50,,,,,yes,,,,,,,,,,,,,,,,,,,,,,,,,,,,,,,,,
57778274e4b0ea24642b5f29,3.3417451876563695,57500af0e4b09078f98230a5,2011,1229,gasoline,Opel,Corsa,19,51.196290836724,6.4327484120895555,2016-07-02T08:41:14Z,daylight,2,"Viersener Straße, Gladbach, Westend, Mönchengladbach, Regierungsbezirk Düsseldorf, Nordrhein-Westfalen, 41061, Deutschland",440353850,32.95988541841507,%,26.24457386136055,km/h,1945.192806005478,u/min,,,,,,,,,7.746599974268715,l/s,27.0,c,68.35631999373436,kPa,1.3999999791383744,precision,22.011252309672358,km/h,1.6999999746680259,precision,0.799999988079071,precision,312.5918869061261,deg,131.17885000854736,m,4.999999925494194,%,17.370893017470735,%,2.546478556121753,l/h,,,5.98422460688612,kg/h,,,,,,,,,,,,,,lane,,,,,,,,,,,,,,,,,,,,,,,,,,,,,secondary,,2,,,,,,,,50,,,,,yes,,,,,,,,,,,,,,,,,,,,,,,,,,,,,,,,,
57778274e4b0ea24642b5f29,3.3417451876563695,57500af0e4b09078f98230a5,2011,1229,gasoline,Opel,Corsa,20,51.19639968851743,6.432218440253848,2016-07-02T08:41:19Z,daylight,2,"Aachener Straße, Gladbach, Westend, Mönchengladbach, Regierungsbezirk Düsseldorf, Nordrhein-Westfalen, 41061, Deutschland",14368216,43.768240451812744,%,36.4657337218523,km/h,2689.9420116841793,u/min,,,,,,,,,19.832857127019338,l/s,26.00000062957406,c,89.76978147029877,kPa,1.5023541450500488,precision,32.433774011899516,km/h,1.7535312175750732,precision,0.9023541450500487,precision,278.0000488251717,deg,131.81450697183607,m,5.000000149011612,%,32.5017601828215,%,6.519498302266322,l/h,,,15.320821010325856,kg/h,,,,,,,,,,,,,,,,,,,,,,,,,,,,,,,,,,,,,,,,,,,tertiary,,4,,,,,,,,50,,,,,,,,,,,,,,,,,,,,,,,,,,,,,,,,,,,,,,
57778274e4b0ea24642b5f29,3.3417451876563695,57500af0e4b09078f98230a5,2011,1229,gasoline,Opel,Corsa,21,51.196424400988185,6.431502363781146,2016-07-02T08:41:24Z,daylight,2,"Aachener Straße, Gladbach, Westend, Mönchengladbach, Regierungsbezirk Düsseldorf, Nordrhein-Westfalen, 41061, Deutschland",14368216,32.60213619470596,%,45.99999897181988,km/h,2256.120344042778,u/min,,,,,,,,,8.433261956934302,l/s,26.00000038743019,c,62.5885694026947,kPa,1.5966767370700836,precision,33.152750299073546,km/h,1.9160120844841004,precision,1.0386706948280335,precision,274.51953270243484,deg,132.27756996154784,m,9.999999701976776,%,16.31127494573593,%,2.772199520153722,l/h,,,6.514668872361247,kg/h,,,,,,,,,,,,,,,,,,,,,,,,,,,,,,,,,,,,,,,,,,,tertiary,,4,,,,,,,,50,,,,,,,,,,,,,,,,,,,,,,,,,,,,,,,,,,,,,,
57778274e4b0ea24642b5f29,3.3417451876563695,57500af0e4b09078f98230a5,2011,1229,gasoline,Opel,Corsa,22,51.196169882335646,6.430658504128983,2016-07-02T08:41:29Z,daylight,2,"Sandradstraße, Gladbach, Westend, Mönchengladbach, Regierungsbezirk Düsseldorf, Nordrhein-Westfalen, 41061, Deutschland",363516583,25.00000074505806,%,46.0660105496645,km/h,2300.34365285933,u/min,,,,,,,,,3.307768973451587,l/s,27.00000060349703,c,21.0,kPa,1.4000000417232512,precision,49.83592055366489,km/h,1.7000000506639479,precision,0.800000023841858,precision,247.70120709096864,deg,130.84268537759783,m,10.0,%,5.6965946100567635,%,1.0873367396635816,l/h,,,2.555241338209417,kg/h,,,,,,,,,,,,,,,,,,,,,,,,,,,,,,,,,,,,,,,,,,,residential,,,,,,,,,,,,,,,,,,,,,,,,,,,,,,,,,,,,,,,,,,,,,,,,
57778274e4b0ea24642b5f29,3.3417451876563695,57500af0e4b09078f98230a5,2011,1229,gasoline,Opel,Corsa,23,51.195923580465646,6.429686831583243,2016-07-02T08:41:34Z,daylight,2,"Aachener Straße, Gladbach, Westend, Mönchengladbach, Regierungsbezirk Düsseldorf, Nordrhein-Westfalen, 41061, Deutschland",30620025,24.66050124168396,%,47.99999874830246,km/h,2409.426741376519,u/min,,,,,,,,,3.4665743708610535,l/s,26.999999597668648,c,20.99999937415123,kPa,1.4000000417232512,precision,49.46230662046753,km/h,1.7000000506639479,precision,0.800000023841858,precision,254.17430091330607,deg,125.90050697326656,m,9.999999701976776,%,5.507017728326474,%,1.1395395822581191,l/h,,,2.6779180183065803,kg/h,,,,,,,,,,,,,,,,,,,,,,,,,,,,,,,,,,,,,,,,,,,tertiary,,2,,,,,,,,50,,,,,,,,,,,,,,,,,,,,,,,,,,,,,,,,,,,,,,
57778274e4b0ea24642b5f29,3.3417451876563695,57500af0e4b09078f98230a5,2011,1229,gasoline,Opel,Corsa,24,51.1957185577293,6.42875168861406,2016-07-02T08:41:39Z,daylight,2,"Aachener Straße, Gladbach, Westend, Mönchengladbach, Regierungsbezirk Düsseldorf, Nordrhein-Westfalen, 41061, Deutschland",30620025,25.0,%,48.000001072883606,km/h,2370.5865809842944,u/min,,,,,,,,,3.367949656029168,l/s,27.000000402331352,c,21.0,kPa,1.3194663643836975,precision,47.72734460085633,km/h,1.5389327615499497,precision,0.7999999761581421,precision,258.642046093712,deg,123.31215231269603,m,9.999999850988388,%,5.882352828979492,%,1.1071194595904674,l/h,,,2.6017307300375987,kg/h,,,,,,,,,,,,,,,,,,,,,,,,,,,,,,,,,,,,,,,,,,,tertiary,,2,,,,,,,,50,,,,,,,,,,,,,,,,,,,,,,,,,,,,,,,,,,,,,,
57778274e4b0ea24642b5f29,3.3417451876563695,57500af0e4b09078f98230a5,2011,1229,gasoline,Opel,Corsa,25,51.19567522289148,6.427900765626763,2016-07-02T08:41:44Z,daylight,2,"Aachener Straße, Gladbach, Westend, Mönchengladbach, Regierungsbezirk Düsseldorf, Nordrhein-Westfalen, 41061, Deutschland",30620025,26.23796033859253,%,48.7903448343277,km/h,2413.7371258959174,u/min,,,,,,,,,3.778599682707849,l/s,27.000000804662704,c,24.631204932928085,kPa,1.3999999582767484,precision,43.58006727453824,km/h,1.6219413071870805,precision,0.7999999761581422,precision,284.04162364355216,deg,120.91486666351553,m,6.148648709058762,%,6.78181060867405,%,1.2421091957949375,l/h,,,2.9189566101181033,kg/h,,,,,,,,,,,,,,,,,,,,,,,,,,,,,,,,,,,,,,,,,,,tertiary,,2,,,,,,,,50,,,,,,,,,,,,,,,,,,,,,,,,,,,,,,,,,,,,,,
57778274e4b0ea24642b5f29,3.3417451876563695,57500af0e4b09078f98230a5,2011,1229,gasoline,Opel,Corsa,26,51.195841463012435,6.427084734536627,2016-07-02T08:41:49Z,daylight,2,"Aachener Straße, Gladbach, Westend, Mönchengladbach, Regierungsbezirk Düsseldorf, Nordrhein-Westfalen, 41061, Deutschland",30620025,23.73202684521675,%,43.326476871967316,km/h,2118.5918828547,u/min,,,,,,,,,3.2491157349436435,l/s,26.999999195337296,c,21.000000017113052,kPa,1.4800201028585434,precision,44.20245536427757,km/h,1.6800201058387756,precision,0.8000000119209291,precision,286.07973312870035,deg,118.63660806566477,m,4.999999925494194,%,5.934777410121107,%,1.0680561243479996,l/h,,,2.509931892217799,kg/h,,,,,,,,,,,,,,,,,,,,,,,,,,,,,,,,,,,,,,,,,,,tertiary,,2,,,,,,,,50,,,,,,,,,,,,,,,,,,,,,,,,,,,,,,,,,,,,,,
57778274e4b0ea24642b5f29,3.3417451876563695,57500af0e4b09078f98230a5,2011,1229,gasoline,Opel,Corsa,27,51.19596785311494,6.426422422703169,2016-07-02T08:41:54Z,daylight,2,"Aachener Straße, Gladbach, Westend, Mönchengladbach, Regierungsbezirk Düsseldorf, Nordrhein-Westfalen, 41061, Deutschland",30620025,23.751309260725975,%,19.884773671627045,km/h,1128.2648111581802,u/min,,,,,,,,,3.1544214181890737,l/s,27.0,c,37.986244009807706,kPa,1.5861195787787439,precision,26.366072392269018,km/h,1.886119583249092,precision,0.8000000119209291,precision,287.2522006341296,deg,115.66699928045274,m,4.999999925494194,%,11.272890159008725,%,1.0369280103621117,l/h,,,2.4367808243509628,kg/h,,,,,,,,,,,,,,,,,,,,,,,,,,,,,,,,,,,,,,,,,,,tertiary,,2,,,,,,,,50,,,,,,,,,,,,,,,,,,,,,,,,,,,,,,,,,,,,,,
57778274e4b0ea24642b5f29,3.3417451876563695,57500af0e4b09078f98230a5,2011,1229,gasoline,Opel,Corsa,28,51.19606749069962,6.426151727410808,2016-07-02T08:41:59Z,daylight,2,"Aachener Straße, Gladbach, Westend, Mönchengladbach, Regierungsbezirk Düsseldorf, Nordrhein-Westfalen, 41061, Deutschland",30620025,19.999999701976776,%,0.7536231875419617,km/h,743.7012988328934,u/min,,,,,,,,,1.7900142275299338,l/s,27.487408220767975,c,39.08464848995209,kPa,1.7749242186546328,precision,9.517500053770618,km/h,1.9874621421098708,precision,0.9749241948127747,precision,307.52844989761434,deg,114.31303030252452,m,10.0,%,8.209939236855327,%,0.5884172231299605,l/h,,,1.382780474355407,kg/h,,,,,,,,,,,,,,,,,,,,,,,,,,,,,,,,,,,,,,,,,,,tertiary,,2,,,,,,,,50,,,,,,,,,,,,,,,,,,,,,,,,,,,,,,,,,,,,,,
57778274e4b0ea24642b5f29,3.3417451876563695,57500af0e4b09078f98230a5,2011,1229,gasoline,Opel,Corsa,29,51.19604053056179,6.42617556935287,2016-07-02T08:42:04Z,daylight,2,"Aachener Straße, Gladbach, Westend, Mönchengladbach, Regierungsbezirk Düsseldorf, Nordrhein-Westfalen, 41061, Deutschland",30620025,19.999999403953552,%,0.0,km/h,682.6634615659714,u/min,,,,,,,,,1.717715908083079,l/s,27.477240562438965,c,40.99999923631549,kPa,1.8000000268220904,precision,0.6176779826234289,km/h,2.1000000312924385,precision,1.0000000149011612,precision,315.853673606975,deg,113.79999830424781,m,9.999999850988388,%,7.843137322687635,%,0.564651168250841,l/h,,,1.3269302453894765,kg/h,,,,,,,,,,,,,,,,,,,,,,,,,,,,,,,,,,,,,,,,,,,tertiary,,2,,,,,,,,50,,,,,,,,,,,,,,,,,,,,,,,,,,,,,,,,,,,,,,
57778274e4b0ea24642b5f29,3.3417451876563695,57500af0e4b09078f98230a5,2011,1229,gasoline,Opel,Corsa,30,51.19604129344225,6.42617566511035,2016-07-02T08:42:09Z,daylight,2,"Aachener Straße, Gladbach, Westend, Mönchengladbach, Regierungsbezirk Düsseldorf, Nordrhein-Westfalen, 41061, Deutschland",30620025,19.999999552965164,%,0.0,km/h,680.0120503306389,u/min,,,,,,,,,1.7423428644248418,l/s,26.999999195337296,c,42.0,kPa,1.8,precision,0.22499999403953552,km/h,2.1,precision,1.0,precision,314.2531603978732,deg,113.79999999999995,m,10.0,%,8.235294311362154,%,0.5727465928803753,l/h,,,1.345954493268882,kg/h,,,,,,,,,,,,,,,,,,,,,,,,,,,,,,,,,,,,,,,,,,,tertiary,,2,,,,,,,,50,,,,,,,,,,,,,,,,,,,,,,,,,,,,,,,,,,,,,,
57778274e4b0ea24642b5f29,3.3417451876563695,57500af0e4b09078f98230a5,2011,1229,gasoline,Opel,Corsa,31,51.195976570118006,6.426124098918467,2016-07-02T08:42:14Z,daylight,2,"Aachener Straße, Gladbach, Westend, Mönchengladbach, Regierungsbezirk Düsseldorf, Nordrhein-Westfalen, 41061, Deutschland",30620025,27.1574694737792,%,19.86522912979126,km/h,1852.6796664595604,u/min,,,,,,,,,3.944570612219728,l/s,26.0,c,59.61194026470184,kPa,1.8000000536441805,precision,14.805316143309923,km/h,2.100000062584877,precision,1.0000000298023224,precision,262.38307342448024,deg,113.60000169277193,m,5.000000074505806,%,12.275729897522695,%,1.2966675070986642,l/h,,,3.047168641681861,kg/h,,,,,,,,,,,,,,,,,,,,,,,,,,,,,,,,,,,,,,,,,,,tertiary,,2,,,,,,,,50,,,,,,,,,,,,,,,,,,,,,,,,,,,,,,,,,,,,,,
57778274e4b0ea24642b5f29,3.3417451876563695,57500af0e4b09078f98230a5,2011,1229,gasoline,Opel,Corsa,32,51.19582143352112,6.425702935476948,2016-07-02T08:42:19Z,daylight,2,"Waldhausener Straße, Gladbach, Westend, Mönchengladbach, Regierungsbezirk Düsseldorf, Nordrhein-Westfalen, 41061, Deutschland",60650497,33.38971645757556,%,38.48122277855873,km/h,2834.502718448639,u/min,,,,,,,,,9.972673961387784,l/s,26.000000774860382,c,64.56206324696541,kPa,1.5384994849562645,precision,28.49031921529601,km/h,1.8769989877939226,precision,0.8769990026950836,precision,240.4444100101341,deg,112.43960423767565,m,9.999999850988388,%,15.19973931721806,%,3.2782382560376226,l/h,,,7.703859901688413,kg/h,,,,,,,,,,,,,,,,,,,,,,,,,,,,,,,,,,,,,,,,,,,tertiary,,,,,,,,,,,,,,,,,,,,,,,,,,,,,,,,,,,,,,,,,,,,,,,,
57778274e4b0ea24642b5f29,3.3417451876563695,57500af0e4b09078f98230a5,2011,1229,gasoline,Opel,Corsa,33,51.195276312672526,6.4254338017002315,2016-07-02T08:42:24Z,daylight,2,"Aachener Straße, Gladbach, Westend, Mönchengladbach, Regierungsbezirk Düsseldorf, Nordrhein-Westfalen, 41061, Deutschland",30620024,33.0824319422245,%,44.99999865889549,km/h,2238.4903443455696,u/min,,,,,,,,,8.00633368576484,l/s,25.0,c,58.08163261413574,kPa,1.4,precision,43.1278996229172,km/h,1.6,precision,0.8,precision,192.67091504921268,deg,113.13204196244483,m,5.6795634329319,%,16.645469085969296,%,2.631858765352091,l/h,,,6.184868098577414,kg/h,,,,,,,,,,,,,,,,,,,,,,,,,,,,,,,,,,,,,,,,,,,tertiary,,,,,,,,,,,,,,,,,,,,,,,,,,,,,,,,,,,,,,,,,,,,,,,,
57778274e4b0ea24642b5f29,3.3417451876563695,57500af0e4b09078f98230a5,2011,1229,gasoline,Opel,Corsa,34,51.194664138045184,6.425356970504073,2016-07-02T08:42:29Z,daylight,2,"Aachener Straße, Gladbach, Westend, Mönchengladbach, Regierungsbezirk Düsseldorf, Nordrhein-Westfalen, 41061, Deutschland",30620024,26.67363975942135,%,46.0,km/h,2297.1272983551025,u/min,,,,,,,,,4.079833398620288,l/s,25.0,c,43.78151261806488,kPa,1.4999999552965164,precision,47.06514623752764,km/h,1.8999999433755874,precision,0.9999999701976776,precision,184.31552084827126,deg,114.46633235067128,m,9.158266261219978,%,9.420589992834408,%,1.3411313733308714,l/h,,,3.151658727327548,kg/h,,,,,,,,,,,,,,,,,,,,,,,,,,,,,,,,,,,,,,,,,,,tertiary,,,,,,,,,,,,,,,,,,,,,,,,,,,,,,,,,,,,,,,,,,,,,,,,
57778274e4b0ea24642b5f29,3.3417451876563695,57500af0e4b09078f98230a5,2011,1229,gasoline,Opel,Corsa,35,51.1941004157996,6.42531283202137,2016-07-02T08:42:34Z,daylight,2,"Franz-Brandts-Allee, Gladbach, Westend, Mönchengladbach, Regierungsbezirk Düsseldorf, Nordrhein-Westfalen, 41061, Deutschland",356800386,23.0,%,39.962757874280214,km/h,1965.8579895794392,u/min,,,,,,,,,2.869903426879027,l/s,26.000000774860382,c,21.318620681762695,kPa,1.5000000447034836,precision,39.18411809643271,km/h,1.9000000566244124,precision,1.0000000298023224,precision,185.2303491323305,deg,114.88462772369382,m,9.231557101011276,%,6.24384701902234,%,0.9434006608012142,l/h,,,2.2169915528828534,kg/h,,,,,,,,,,,,,,,,,,,,,,,,,,,,,,,,,,,,,,,,,,,residential,,,,,,,,,,,,,,,,,,,,,,,,,,,,,,,,,,,,,,,,,,,,,,,,
57778274e4b0ea24642b5f29,3.3417451876563695,57500af0e4b09078f98230a5,2011,1229,gasoline,Opel,Corsa,36,51.193651465258206,6.425258833631741,2016-07-02T08:42:39Z,daylight,2,"Aachener Straße, Gladbach, Westend, Mönchengladbach, Regierungsbezirk Düsseldorf, Nordrhein-Westfalen, 41061, Deutschland",356800387,24.0,%,33.99999924004078,km/h,1146.170805245638,u/min,,,,,,,,,3.0519103160164107,l/s,25.999999225139618,c,35.62852844595909,kPa,1.2999999709427357,precision,34.18124831529957,km/h,1.4999999664723873,precision,0.5999999865889549,precision,184.79360305094065,deg,115.16944272816185,m,4.999999925494194,%,10.729992597707394,%,1.0032303463141192,l/h,,,2.35759131383818,kg/h,,,,,,,,,,,,,,,,,,,,,,,,,,,,,,,,,,,,,,,,,,,tertiary,,,,,,,,,,,,,,,,,,,,,,,,,,,,,,,,,,,,,,,,,,,,,,,,
57778274e4b0ea24642b5f29,3.3417451876563695,57500af0e4b09078f98230a5,2011,1229,gasoline,Opel,Corsa,37,51.193271772204525,6.425211289761022,2016-07-02T08:42:44Z,daylight,2,"Aachener Straße, Gladbach, Westend, Mönchengladbach, Regierungsbezirk Düsseldorf, Nordrhein-Westfalen, 41061, Deutschland",13838109,22.0,%,21.24818640947342,km/h,1018.2458100318909,u/min,,,,,,,,,2.5399999618530273,l/s,25.999999225139618,c,38.0,kPa,1.3176530808210372,precision,26.42324592774139,km/h,1.6000000238418581,precision,0.8000000119209291,precision,187.35692570134233,deg,115.22502617835995,m,5.0,%,9.668449127652849,%,0.834954103334785,l/h,,,1.962142142836745,kg/h,,,,,,,,,,,,,,,,,,,,,,,,,,,,,,,,,,,,,,,,,,,tertiary_link,,,,,,,,,,,,,,,yes,,,,,,,,,,,,,,,,,,,,,,,,,,,,,,,,,
57778274e4b0ea24642b5f29,3.3417451876563695,57500af0e4b09078f98230a5,2011,1229,gasoline,Opel,Corsa,38,51.19312720091526,6.425184751003884,2016-07-02T08:42:49Z,daylight,2,"Aachener Straße, Gladbach, Westend, Mönchengladbach, Regierungsbezirk Düsseldorf, Nordrhein-Westfalen, 41061, Deutschland",301352904,19.999999403953552,%,1.2520547658205032,km/h,718.5295018460602,u/min,,,,,,,,,1.7516072425672,l/s,26.999999195337296,c,40.16530054807663,kPa,1.4000000417232512,precision,1.6545013495748861,km/h,1.600000047683716,precision,0.6398838520050049,precision,190.76689503157922,deg,115.52042422294618,m,4.999999925494194,%,7.843137264251709,%,0.5757919986524148,l/h,,,1.3531111968331748,kg/h,,,,,,,,,,,,,,,,,,,,,,,,,,,,,,,,,,,,,,,,,,,tertiary,,,,,,,,,,,,,,,,,,,,,,,,,,,,,,,,,,,,,,,,,,,,,,,,
57778274e4b0ea24642b5f29,3.3417451876563695,57500af0e4b09078f98230a5,2011,1229,gasoline,Opel,Corsa,39,51.19312925264239,6.425183583050966,2016-07-02T08:42:54Z,daylight,2,"Aachener Straße, Gladbach, Westend, Mönchengladbach, Regierungsbezirk Düsseldorf, Nordrhein-Westfalen, 41061, Deutschland",301352904,23.97936651110649,%,0.0,km/h,679.0271840393543,u/min,,,,,,,,,1.75502056745718,l/s,27.0,c,43.392957624047995,kPa,1.4878635570406913,precision,0.18746297607917306,km/h,1.8635907292366027,precision,0.9757271587848664,precision,190.84166627905506,deg,115.29999999999995,m,5.0,%,14.631095123292312,%,0.5769140339538736,l/h,,,1.355747979791603,kg/h,,,,,,,,,,,,,,,,,,,,,,,,,,,,,,,,,,,,,,,,,,,tertiary,,,,,,,,,,,,,,,,,,,,,,,,,,,,,,,,,,,,,,,,,,,,,,,,
57778274e4b0ea24642b5f29,3.3417451876563695,57500af0e4b09078f98230a5,2011,1229,gasoline,Opel,Corsa,40,51.19304532452261,6.42521063280576,2016-07-02T08:42:59Z,daylight,2,"Aachener Straße, Gladbach, Westend, Mönchengladbach, Regierungsbezirk Düsseldorf, Nordrhein-Westfalen, 41061, Deutschland",301352904,45.135734751820564,%,22.330666661262512,km/h,1876.469602048397,u/min,,,,,,,,,15.6989429858545,l/s,25.0,c,94.58597874641418,kPa,1.3999999687075615,precision,14.251812250864916,km/h,1.6092369116842746,precision,0.7999999821186066,precision,177.11662009285703,deg,115.78791627064344,m,5.000000037252903,%,44.127324171643124,%,5.160589394062567,l/h,,,12.127385076047034,kg/h,,,,,,,,,,,,,,,,,,,,,,,,,,,,,,,,,,,,,,,,,,,tertiary,,,,,,,,,,,,,,,,,,,,,,,,,,,,,,,,,,,,,,,,,,,,,,,,
57778274e4b0ea24642b5f29,3.3417451876563695,57500af0e4b09078f98230a5,2011,1229,gasoline,Opel,Corsa,41,51.19270132008017,6.424939531519171,2016-07-02T08:43:04Z,daylight,2,"Waldnieler Straße, Gladbach, Westend, Mönchengladbach, Regierungsbezirk Düsseldorf, Nordrhein-Westfalen, 41068, Deutschland",13799684,34.16925322264433,%,36.50543588399887,km/h,1798.3039343953133,u/min,,,,,,,,,12.163489053476667,l/s,25.00000074505806,c,60.555556535720825,kPa,1.3999999895691873,precision,34.30335298354947,km/h,1.6108823411166668,precision,0.7999999940395355,precision,211.46916799092878,deg,115.80000172555441,m,5.000000074505806,%,24.460053071149318,%,3.9984075781870985,l/h,,,9.396257808739682,kg/h,,,,,,,,,,,,,,,,,,,,,,,,,,,,,,,,,,,,,,,,,,,primary,,2,,,,,,,,40,,,,,yes,,,,,,,,,,,,,,,,,,,,,,,,,,,,,,,,,
57778274e4b0ea24642b5f29,3.3417451876563695,57500af0e4b09078f98230a5,2011,1229,gasoline,Opel,Corsa,42,51.19232570759912,6.424513163927923,2016-07-02T08:43:09Z,daylight,2,"Aachener Straße, Gladbach, Westend, Mönchengladbach, Regierungsbezirk Düsseldorf, Nordrhein-Westfalen, 41061, Deutschland",13802941,34.9999990221113,%,41.421581506729126,km/h,2041.5745301246643,u/min,,,,,,,,,10.244000263869765,l/s,25.00000074505806,c,77.00000229477882,kPa,1.213346454501152,precision,37.5820450631125,km/h,1.4133464604616164,precision,0.6000000178813935,precision,223.80763456216096,deg,115.10000171512368,m,5.000000074505806,%,22.880009568004027,%,3.367429206038548,l/h,,,7.913458634190588,kg/h,,,,,,,,,,,,,,,,,,,,,,,,,,,,,,,,,,,,,,,,,,,tertiary,,,,,,,,,,,,,,,,,,,,,,,,,,,,,,,,,,,,,,,,,,,,,,,,
57778274e4b0ea24642b5f29,3.3417451876563695,57500af0e4b09078f98230a5,2011,1229,gasoline,Opel,Corsa,43,51.19196167724196,6.423925193576256,2016-07-02T08:43:14Z,daylight,2,"Aachener Straße, Gladbach, Westend, Mönchengladbach, Regierungsbezirk Düsseldorf, Nordrhein-Westfalen, 41061, Deutschland",13802941,22.999999657273293,%,42.68011254072189,km/h,2119.104166686535,u/min,,,,,,,,,3.026844373151116,l/s,25.00000074505806,c,21.400000631809235,kPa,1.3999999791383742,precision,41.84999972134824,km/h,1.5999999761581423,precision,0.5999999910593034,precision,222.62565786827872,deg,114.60000341534617,m,5.000000149011612,%,5.780621652636796,%,0.9949906171158306,l/h,,,2.338227950222202,kg/h,,,,,,,,,,,,,,,,,,,,,,,,,,,,,,,,,,,,,,,,,,,tertiary,,,,,,,,,,,,,,,,,,,,,,,,,,,,,,,,,,,,,,,,,,,,,,,,
57778274e4b0ea24642b5f29,3.3417451876563695,57500af0e4b09078f98230a5,2011,1229,gasoline,Opel,Corsa,44,51.1915223112834,6.423400357357245,2016-07-02T08:43:19Z,daylight,2,"Aachener Straße, Gladbach, Westend, Mönchengladbach, Regierungsbezirk Düsseldorf, Nordrhein-Westfalen, 41061, Deutschland",13802941,33.316667675971985,%,41.0,km/h,2049.3787690103054,u/min,,,,,,,,,8.056243059237524,l/s,25.00000037252903,c,49.23012548685074,kPa,1.4888997927308083,precision,42.519912111742315,km/h,1.688899791240692,precision,0.7999999940395356,precision,216.94744518871903,deg,112.3418912529945,m,5.000000149011612,%,18.70173150753817,%,2.648265079053562,l/h,,,6.22342293577587,kg/h,,,,,,,,,,,,,,,,,,,,,,,,,,,,,,,,,,,,,,,,,,,tertiary,,,,,,,,,,,,,,,,,,,,,,,,,,,,,,,,,,,,,,,,,,,,,,,,
57778274e4b0ea24642b5f29,3.3417451876563695,57500af0e4b09078f98230a5,2011,1229,gasoline,Opel,Corsa,45,51.191104486638594,6.42286275102107,2016-07-02T08:43:24Z,daylight,2,"Aachener Straße, Gladbach, Westend, Mönchengladbach, Regierungsbezirk Düsseldorf, Nordrhein-Westfalen, 41061, Deutschland",13802941,27.0,%,41.70284938812256,km/h,2053.009533405304,u/min,,,,,,,,,3.9697954420535986,l/s,25.00000037252903,c,33.85636854171753,kPa,1.4,precision,42.84823886914256,km/h,1.6,precision,0.8,precision,217.5308425482981,deg,111.7140861719847,m,5.000000074505806,%,8.799222018069258,%,1.3049594659537922,l/h,,,3.066654744991412,kg/h,,,,,,,,,,,,,,,,,,,,,,,,,,,,,,,,,,,,,,,,,,,tertiary,,,,,,,,,,,,,,,,,,,,,,,,,,,,,,,,,,,,,,,,,,,,,,,,
57778274e4b0ea24642b5f29,3.3417451876563695,57500af0e4b09078f98230a5,2011,1229,gasoline,Opel,Corsa,46,51.19071572291661,6.422359777772799,2016-07-02T08:43:29Z,daylight,2,"Wilhelm-Ruland-Weg, Gladbach, Westend, Mönchengladbach, Regierungsbezirk Düsseldorf, Nordrhein-Westfalen, 41061, Deutschland",24618345,23.887812346220016,%,38.68903994560242,km/h,1959.6355466544628,u/min,,,,,,,,,3.0919835880747684,l/s,25.0,c,25.197770833969116,kPa,1.3890655957162379,precision,38.37576776348919,km/h,1.589065594226122,precision,0.7781312063336373,precision,223.43615803065222,deg,111.39999999999998,m,5.0,%,6.66123519724141,%,1.0164033161730508,l/h,,,2.3885477930066696,kg/h,,,,,,,,,,,,,,,,,,,,,,,,,,,,,,,,,,,,,,,,,,,service,,,,,,,,,,,,,,,,,,,,,,,,,,,,,,,,,,,,,,,,,,,,,,,,
57778274e4b0ea24642b5f29,3.3417451876563695,57500af0e4b09078f98230a5,2011,1229,gasoline,Opel,Corsa,47,51.19037162378762,6.421829469772989,2016-07-02T08:43:34Z,daylight,2,"Wilhelm-Ruland-Weg, Gladbach, Westend, Mönchengladbach, Regierungsbezirk Düsseldorf, Nordrhein-Westfalen, 41061, Deutschland",24618345,27.196236968040466,%,40.0,km/h,1982.9480044841766,u/min,,,,,,,,,4.412129091472249,l/s,25.0,c,33.92452731728554,kPa,2.0507567495107653,precision,39.354566767446016,km/h,2.3446013420820235,precision,1.1753783702850342,precision,222.7288059358516,deg,111.67275729030375,m,5.000000111758709,%,9.01960727514006,%,1.450364308934858,l/h,,,3.4083561259969164,kg/h,,,,,,,,,,,,,,,,,,,,,,,,,,,,,,,,,,,,,,,,,,,service,,,,,,,,,,,,,,,,,,,,,,,,,,,,,,,,,,,,,,,,,,,,,,,,
57778274e4b0ea24642b5f29,3.3417451876563695,57500af0e4b09078f98230a5,2011,1229,gasoline,Opel,Corsa,48,51.19001143398761,6.421350020924356,2016-07-02T08:43:39Z,daylight,2,"Aachener Straße, Gladbach, Westend, Mönchengladbach, Regierungsbezirk Düsseldorf, Nordrhein-Westfalen, 41061, Deutschland",13802941,34.36598640680313,%,42.000000938773155,km/h,2099.255092024803,u/min,,,,,,,,,11.264432235727881,l/s,25.000000558793545,c,71.12064349651337,kPa,1.5999999642372134,precision,38.646601954468224,km/h,2.1999999508261685,precision,1.3999999687075613,precision,221.80712002136534,deg,111.28813055753704,m,4.999999850988388,%,18.88076276684413,%,3.7028677394530773,l/h,,,8.701739187714733,kg/h,,,,,,,,,,,,,,,,,,,,,,,,,,,,,,,,,,,,,,,,,,,tertiary,,,,,,,,,,,,,,,,,,,,,,,,,,,,,,,,,,,,,,,,,,,,,,,,
57778274e4b0ea24642b5f29,3.3417451876563695,57500af0e4b09078f98230a5,2011,1229,gasoline,Opel,Corsa,49,51.18966325426094,6.420775229157091,2016-07-02T08:43:44Z,daylight,2,"Aachener Straße, Gladbach, Westend, Mönchengladbach, Regierungsbezirk Düsseldorf, Nordrhein-Westfalen, 41061, Deutschland",13802941,34.51034379005432,%,42.000000938773155,km/h,2079.8011909350753,u/min,,,,,,,,,10.187482928349198,l/s,24.209876537322998,c,72.31623929738998,kPa,1.4060914017260073,precision,39.395122694109034,km/h,1.70609140843153,precision,0.8121827587485314,precision,226.84643317418931,deg,111.70894558578733,m,5.000000111758709,%,19.710239856279486,%,3.3488507092231306,l/h,,,7.869799166674357,kg/h,,,,,,,,,,,,,,,,,,,,,,,,,,,,,,,,,,,,,,,,,,,tertiary,,,,,,,,,,,,,,,,,,,,,,,,,,,,,,,,,,,,,,,,,,,,,,,,
57778274e4b0ea24642b5f29,3.3417451876563695,57500af0e4b09078f98230a5,2011,1229,gasoline,Opel,Corsa,50,51.189324797329334,6.4202002582266795,2016-07-02T08:43:49Z,daylight,2,"Aachener Straße, Gladbach, Westend, Mönchengladbach, Regierungsbezirk Düsseldorf, Nordrhein-Westfalen, 41061, Deutschland",13802941,38.0,%,43.953622695058584,km/h,2200.4301507771015,u/min,,,,,,,,,14.777337240502561,l/s,24.00000035762787,c,83.99999874830246,kPa,1.5999999642372131,precision,39.77799904554672,km/h,2.1999999508261685,precision,1.3999999687075615,precision,226.38510743257098,deg,113.15822134613994,m,5.000000037252903,%,28.174707499914007,%,4.857637224654999,l/h,,,11.415447477939248,kg/h,,,,,,,,,,,,,,,,,,,,,,,,,,,,,,,,,,,,,,,,,,,tertiary,,,,,,,,,,,,,,,,,,,,,,,,,,,,,,,,,,,,,,,,,,,,,,,,
57778274e4b0ea24642b5f29,3.3417451876563695,57500af0e4b09078f98230a5,2011,1229,gasoline,Opel,Corsa,51,51.188939066683986,6.419525056297819,2016-07-02T08:43:54Z,daylight,2,"Aachener Straße, Rönneter, Westend, Speick, Mönchengladbach, Regierungsbezirk Düsseldorf, Nordrhein-Westfalen, 41061, Deutschland",30479186,36.73561644554138,%,49.703298181295395,km/h,2464.417582511902,u/min,,,,,,,,,14.342726868878714,l/s,24.0,c,74.9618546757847,kPa,1.599999988079071,precision,46.52049350635116,km/h,2.218018001317978,precision,1.4180180072784423,precision,224.4515556352021,deg,112.86366534531115,m,5.000000074505806,%,24.27380905808036,%,4.7147711937144114,l/h,,,11.079712305228867,kg/h,,,,,,,,,,,,,,,,,,,,,,,,,,,,,,,,,,,,,,,,,,,primary,,,,,,,,,,50,,,,,,,,,,,,,,,,,,,,,,,,,,,,,,,,,,,,,,
57778274e4b0ea24642b5f29,3.3417451876563695,57500af0e4b09078f98230a5,2011,1229,gasoline,Opel,Corsa,52,51.18848205703478,6.418821294726349,2016-07-02T08:43:59Z,daylight,2,"Aachener Straße, Rönneter, Westend, Speick, Mönchengladbach, Regierungsbezirk Düsseldorf, Nordrhein-Westfalen, 41061, Deutschland",30479186,33.99999949336052,%,51.999998450279236,km/h,2601.7459107637405,u/min,,,,,,,,,10.70414692237705,l/s,24.0,c,61.86268977820873,kPa,1.4140101313591003,precision,50.061473556421674,km/h,1.6140101283788681,precision,0.7999999880790711,precision,222.25584973339642,deg,114.55045586004854,m,5.000000037252903,%,16.472231407265095,%,3.5186895786474346,l/h,,,8.268920509821472,kg/h,,,,,,,,,,,,,,,,,,,,,,,,,,,,,,,,,,,,,,,,,,,primary,,,,,,,,,,50,,,,,,,,,,,,,,,,,,,,,,,,,,,,,,,,,,,,,,
57778274e4b0ea24642b5f29,3.3417451876563695,57500af0e4b09078f98230a5,2011,1229,gasoline,Opel,Corsa,53,51.18799597237656,6.418105130876333,2016-07-02T08:44:04Z,daylight,2,"Aachener Straße, Rönneter, Westend, Speick, Mönchengladbach, Regierungsbezirk Düsseldorf, Nordrhein-Westfalen, 41061, Deutschland",30479186,27.999999687075615,%,50.509116411209106,km/h,2496.9356485009193,u/min,,,,,,,,,4.536062081887181,l/s,24.0,c,25.111731439828873,kPa,1.492636838555336,precision,50.8060752486721,km/h,1.6926368415355684,precision,0.8000000119209291,precision,220.92362109711826,deg,114.56981986239555,m,4.999999962747097,%,7.62107900290264,%,1.4911038209189473,l/h,,,3.5040939791595265,kg/h,,,,,,,,,,,,,,,,,,,,,,,,,,,,,,,,,,,,,,,,,,,primary,,,,,,,,,,50,,,,,,,,,,,,,,,,,,,,,,,,,,,,,,,,,,,,,,
57778274e4b0ea24642b5f29,3.3417451876563695,57500af0e4b09078f98230a5,2011,1229,gasoline,Opel,Corsa,54,51.187564411111865,6.417473830479972,2016-07-02T08:44:09Z,daylight,2,"Aachener Straße, Rönneter, Westend, Speick, Mönchengladbach, Regierungsbezirk Düsseldorf, Nordrhein-Westfalen, 41061, Deutschland",30479186,26.09472308680415,%,45.00000134110451,km/h,2226.204455524683,u/min,,,,,,,,,4.854444592934517,l/s,23.999999284744263,c,35.25170895457268,kPa,1.407274569571018,precision,45.42709359003527,km/h,1.6072745665907862,precision,0.7999999880790711,precision,222.19916705582318,deg,116.05928316861394,m,5.000000074505806,%,7.570495023726778,%,1.59576318628172,l/h,,,3.7500434877620425,kg/h,,,,,,,,,,,,,,,,,,,,,,,,,,,,,,,,,,,,,,,,,,,primary,,,,,,,,,,50,,,,,,,,,,,,,,,,,,,,,,,,,,,,,,,,,,,,,,
57778274e4b0ea24642b5f29,3.3417451876563695,57500af0e4b09078f98230a5,2011,1229,gasoline,Opel,Corsa,55,51.18717674716854,6.416915183253034,2016-07-02T08:44:14Z,daylight,2,"Aachener Straße, Rönneter, Westend, Speick, Mönchengladbach, Regierungsbezirk Düsseldorf, Nordrhein-Westfalen, 41061, Deutschland",30479186,23.000000214204192,%,38.59009629487991,km/h,1924.1833332777023,u/min,,,,,,,,,2.8047729875821688,l/s,24.000000715255737,c,20.293552815914154,kPa,2.004781697317958,precision,39.11557575635757,km/h,2.3047816962003704,precision,0.9999999962747097,precision,222.05244987086314,deg,116.39229729697105,m,4.999999888241291,%,5.882352828979492,%,0.9219908464864,l/h,,,2.16667848924304,kg/h,,,,,,,,,,,,,,,,,,,,,,,,,,,,,,,,,,,,,,,,,,,primary,,,,,,,,,,50,,,,,,,,,,,,,,,,,,,,,,,,,,,,,,,,,,,,,,
57778274e4b0ea24642b5f29,3.3417451876563695,57500af0e4b09078f98230a5,2011,1229,gasoline,Opel,Corsa,56,51.18684441693583,6.416489403431317,2016-07-02T08:44:19Z,daylight,2,"Aachener Straße, Rönneter, Westend, Speick, Mönchengladbach, Regierungsbezirk Düsseldorf, Nordrhein-Westfalen, 41061, Deutschland",30479186,24.590722881257534,%,27.026917070150375,km/h,1338.2827071249485,u/min,,,,,,,,,3.4235136537475377,l/s,25.0,c,29.261682152748108,kPa,2.7264414116740223,precision,29.561048271958782,km/h,3.219085557758808,precision,1.5705765753984453,precision,220.7768278072774,deg,116.98936410993338,m,4.999999925494194,%,10.09080141329548,%,1.12538457320834,l/h,,,2.6446537470395994,kg/h,,,,,,,,,,,,,,,,,,,,,,,,,,,,,,,,,,,,,,,,,,,primary,,,,,,,,,,50,,,,,,,,,,,,,,,,,,,,,,,,,,,,,,,,,,,,,,
57778274e4b0ea24642b5f29,3.3417451876563695,57500af0e4b09078f98230a5,2011,1229,gasoline,Opel,Corsa,57,51.186639762191504,6.416227565562866,2016-07-02T08:44:24Z,daylight,2,"Aachener Straße, Rönneter, Westend, Speick, Mönchengladbach, Regierungsbezirk Düsseldorf, Nordrhein-Westfalen, 41061, Deutschland",30479186,36.67429339885712,%,23.374468088150024,km/h,1759.719201862812,u/min,,,,,,,,,10.92645209536758,l/s,23.9999997317791,c,87.06543120741844,kPa,2.79999992698431,precision,20.891387360756525,km/h,3.299999913945794,precision,1.5999999582767488,precision,218.5846060132925,deg,117.20000261962419,m,5.000000111758709,%,24.890460302513475,%,3.591766200367373,l/h,,,8.440650570863328,kg/h,,,,,,,,,,,,,,,,,,,,,,,,,,,,,,,,,,,,,,,,,,,primary,,,,,,,,,,50,,,,,,,,,,,,,,,,,,,,,,,,,,,,,,,,,,,,,,
57778274e4b0ea24642b5f29,3.3417451876563695,57500af0e4b09078f98230a5,2011,1229,gasoline,Opel,Corsa,58,51.18638748400324,6.415848390875381,2016-07-02T08:44:29Z,daylight,2,"Aachener Straße, Rönneter, Westend, Speick, Mönchengladbach, Regierungsbezirk Düsseldorf, Nordrhein-Westfalen, 41061, Deutschland",30479186,37.66666778922081,%,37.09537194669247,km/h,2723.504827082157,u/min,,,,,,,,,15.212663662314753,l/s,23.9999997317791,c,76.61580908298492,kPa,1.700000012665987,precision,31.81278217114061,km/h,2.100000015646219,precision,1.2000000089406968,precision,222.54052307241454,deg,117.19322731196885,m,5.000000149011612,%,22.539243723346317,%,5.000738637112096,l/h,,,11.751735797213426,kg/h,,,,,,,,,,,,,,,,,,,,,,,,,,,,,,,,,,,,,,,,,,,primary,,,,,,,,,,50,,,,,,,,,,,,,,,,,,,,,,,,,,,,,,,,,,,,,,
57778274e4b0ea24642b5f29,3.3417451876563695,57500af0e4b09078f98230a5,2011,1229,gasoline,Opel,Corsa,59,51.18599741352826,6.415358284719816,2016-07-02T08:44:34Z,daylight,2,"Aachener Straße, Rönneter, Holt, Speick, Mönchengladbach, Regierungsbezirk Düsseldorf, Nordrhein-Westfalen, 41069, Deutschland",15241852,25.127746492624283,%,43.85733941197395,km/h,2149.9029126763344,u/min,,,,,,,,,4.157380044866244,l/s,24.000000692903996,c,46.30864334106445,kPa,1.7000000284984707,precision,41.33199162008235,km/h,2.1000000352039936,precision,1.2000000201165675,precision,222.63993040661575,deg,117.60604814849798,m,5.0000001303851604,%,9.18767524433403,%,1.3666226691794254,l/h,,,3.21156327257165,kg/h,,,,,,,,,,,,,,,,,,,,,,,,,,,,,,,,,,,,,,,,,,,primary,,,,,,,,,,50,,,,,,,,,,,,,,,,,,,,,,,,,,,,,,,,,,,,,,
57778274e4b0ea24642b5f29,3.3417451876563695,57500af0e4b09078f98230a5,2011,1229,gasoline,Opel,Corsa,60,51.185589633594724,6.414853158333861,2016-07-02T08:44:39Z,daylight,2,"Aachener Straße, Rönneter, Holt, Speick, Mönchengladbach, Regierungsbezirk Düsseldorf, Nordrhein-Westfalen, 41069, Deutschland",15241852,31.323903799057007,%,40.09420379251242,km/h,2006.5930437147617,u/min,,,,,,,,,7.573337715457789,l/s,24.00000035762787,c,56.48554754257202,kPa,1.3999999713152644,precision,39.61143867798404,km/h,1.6999999651685356,precision,0.7999999836087228,precision,220.56100756078968,deg,117.5847440108657,m,4.999999925494194,%,15.686274995990829,%,2.4895234237910824,l/h,,,5.850380045909044,kg/h,,,,,,,,,,,,,,,,,,,,,,,,,,,,,,,,,,,,,,,,,,,primary,,,,,,,,,,50,,,,,,,,,,,,,,,,,,,,,,,,,,,,,,,,,,,,,,
57778274e4b0ea24642b5f29,3.3417451876563695,57500af0e4b09078f98230a5,2011,1229,gasoline,Opel,Corsa,61,51.18524204551003,6.414324865555768,2016-07-02T08:44:44Z,daylight,2,"Aachener Straße, Rönneter, Holt, Speick, Mönchengladbach, Regierungsbezirk Düsseldorf, Nordrhein-Westfalen, 41069, Deutschland",15241852,35.738700568675995,%,42.162237763404846,km/h,2091.563087671995,u/min,,,,,,,,,11.909178751345735,l/s,24.000000581145287,c,75.80337303876877,kPa,1.4981744226068259,precision,38.48037902168701,km/h,1.9945233004167675,precision,1.1926977530121803,precision,221.91813867275414,deg,119.69522163961088,m,5.000000139698386,%,22.646368738524075,%,3.914810163433744,l/h,,,9.199803884069299,kg/h,,,,,,,,,,,,,,,,,,,,,,,,,,,,,,,,,,,,,,,,,,,primary,,,,,,,,,,50,,,,,,,,,,,,,,,,,,,,,,,,,,,,,,,,,,,,,,
57778274e4b0ea24642b5f29,3.3417451876563695,57500af0e4b09078f98230a5,2011,1229,gasoline,Opel,Corsa,62,51.184849536833035,6.413718807252615,2016-07-02T08:44:49Z,daylight,2,"Aachener Straße, Rönneter, Holt, Speick, Mönchengladbach, Regierungsbezirk Düsseldorf, Nordrhein-Westfalen, 41069, Deutschland",15241852,31.700277239084244,%,46.02876780927181,km/h,2290.745135307312,u/min,,,,,,,,,7.63974058054967,l/s,24.0,c,44.99862131476402,kPa,1.3999999634921552,precision,45.6314086289176,km/h,1.6999999556690455,precision,0.7999999791383743,precision,223.42448959096032,deg,120.40645882263777,m,5.000000037252903,%,13.506119937514995,%,2.511351512576251,l/h,,,5.901676054554191,kg/h,,,,,,,,,,,,,,,,,,,,,,,,,,,,,,,,,,,,,,,,,,,primary,,,,,,,,,,50,,,,,,,,,,,,,,,,,,,,,,,,,,,,,,,,,,,,,,
57778274e4b0ea24642b5f29,3.3417451876563695,57500af0e4b09078f98230a5,2011,1229,gasoline,Opel,Corsa,63,51.184481549692244,6.413154865146071,2016-07-02T08:44:54Z,daylight,2,"Aachener Straße, Rönneter, Holt, Mönchengladbach, Regierungsbezirk Düsseldorf, Nordrhein-Westfalen, 41069, Deutschland",30641906,21.656381487846375,%,30.244813725352287,km/h,1503.2562203928828,u/min,,,,,,,,,2.1517250220421147,l/s,24.000000715255737,c,22.365168690681458,kPa,2.0000000596046448,precision,33.28235068880025,km/h,2.3000000685453412,precision,1.0000000298023224,precision,218.88444472458934,deg,120.19999731332068,m,4.999999888241291,%,6.768397558917854,%,0.7073195525135016,l/h,,,1.6622009484067288,kg/h,,,,,,,,,,,,,,,,,,,,,,,,,,,,,,,,,,,,,,,,,,,primary,,,,,,,,,,50,,,,,,,,,,,,,,,,,,,,,,,,,,,,,,,,,,,,,,
57778274e4b0ea24642b5f29,3.3417451876563695,57500af0e4b09078f98230a5,2011,1229,gasoline,Opel,Corsa,64,51.18417132107699,6.412768230040574,2016-07-02T08:44:59Z,daylight,2,"Aachener Straße, Rönneter, Holt, Mönchengladbach, Regierungsbezirk Düsseldorf, Nordrhein-Westfalen, 41069, Deutschland",30641906,31.999999523162842,%,37.66621509194374,km/h,1859.7880280911922,u/min,,,,,,,,,7.647267862074813,l/s,24.0,c,65.61854499578476,kPa,1.6904382467269898,precision,34.28910151466306,km/h,1.9904382467269897,precision,1.0,precision,218.67013885560925,deg,120.39999730885026,m,4.999999888241291,%,15.47034371186112,%,2.513825896312772,l/h,,,5.907490856335015,kg/h,,,,,,,,,,,,,,,,,,,,,,,,,,,,,,,,,,,,,,,,,,,primary,,,,,,,,,,50,,,,,,,,,,,,,,,,,,,,,,,,,,,,,,,,,,,,,,
57778274e4b0ea24642b5f29,3.3417451876563695,57500af0e4b09078f98230a5,2011,1229,gasoline,Opel,Corsa,65,51.18378009664852,6.412230567080991,2016-07-02T08:45:04Z,daylight,2,"Aachener Straße, Rönneter, Holt, Mönchengladbach, Regierungsbezirk Düsseldorf, Nordrhein-Westfalen, 41069, Deutschland",30641906,29.25274656713009,%,42.546296298503876,km/h,2117.505298793316,u/min,,,,,,,,,6.06033219672554,l/s,24.0,c,51.24607399106026,kPa,1.2999999806284903,precision,41.625000620260835,km/h,1.5055390477180481,precision,0.6110781311988831,precision,221.51637683255103,deg,120.29176766574379,m,5.000000074505806,%,10.489051295252665,%,1.9921650831586488,l/h,,,4.681587945422825,kg/h,,,,,,,,,,,,,,,,,,,,,,,,,,,,,,,,,,,,,,,,,,,primary,,,,,,,,,,50,,,,,,,,,,,,,,,,,,,,,,,,,,,,,,,,,,,,,,
57778274e4b0ea24642b5f29,3.3417451876563695,57500af0e4b09078f98230a5,2011,1229,gasoline,Opel,Corsa,66,51.18346888677145,6.411688637396112,2016-07-02T08:45:09Z,daylight,2,"Aachener Straße, Rönneter, Holt, Mönchengladbach, Regierungsbezirk Düsseldorf, Nordrhein-Westfalen, 41069, Deutschland",120174480,21.564864456653595,%,29.510910540819168,km/h,1488.135505527258,u/min,,,,,,,,,2.7169945889470384,l/s,24.0,c,21.764174923300743,kPa,1.3000000254251063,precision,30.482462488119467,km/h,1.500000029336661,precision,0.8000000156462193,precision,221.31711553889534,deg,120.89999909922479,m,4.999999962747097,%,5.882352697498661,%,0.8931361475788101,l/h,,,2.0988699468102037,kg/h,,,,,,,,,,,,,,,,,,,,,,,,,,,,,,,,,,,,,,,,,,,primary,,,,,,,,,,50,,,,,,,,,,,,,,,,,,,,,,,,,,,,,,,,,,,,,,
57778274e4b0ea24642b5f29,3.3417451876563695,57500af0e4b09078f98230a5,2011,1229,gasoline,Opel,Corsa,67,51.18319378848596,6.41127950513355,2016-07-02T08:45:14Z,daylight,2,"Aachener Straße, Rönneter, Holt, Mönchengladbach, Regierungsbezirk Düsseldorf, Nordrhein-Westfalen, 41069, Deutschland",120174480,28.999999662395567,%,33.00000098347664,km/h,1654.7263065576553,u/min,,,,,,,,,6.226452058361019,l/s,23.999999284744263,c,54.45505625009537,kPa,1.308342008665204,precision,31.915699756821645,km/h,1.6125130169093609,precision,0.8083420142531396,precision,222.45184018659467,deg,121.0898360449821,m,4.9999999441206455,%,13.987479916887494,%,2.0467723517417404,l/h,,,4.809915026593091,kg/h,,,,,,,,,,,,,,,,,,,,,,,,,,,,,,,,,,,,,,,,,,,primary,,,,,,,,,,50,,,,,,,,,,,,,,,,,,,,,,,,,,,,,,,,,,,,,,
57778274e4b0ea24642b5f29,3.3417451876563695,57500af0e4b09078f98230a5,2011,1229,gasoline,Opel,Corsa,68,51.18293198782971,6.4108227491302765,2016-07-02T08:45:19Z,daylight,2,"Aachener Straße, Rönneter, Holt, Mönchengladbach, Regierungsbezirk Düsseldorf, Nordrhein-Westfalen, 41069, Deutschland",120174480,20.999999687075615,%,29.74692875146866,km/h,1498.0443994700909,u/min,,,,,,,,,2.2108799714398373,l/s,24.000000715255737,c,20.99999937415123,kPa,1.7876257482916118,precision,30.21454854367576,km/h,2.4752515006810425,precision,1.583501000702381,precision,222.54881473891191,deg,122.29999908879394,m,4.999999962747097,%,5.882352828979492,%,0.7267650912827847,l/h,,,1.707897964514544,kg/h,,,,,,,,,,,,,,,,,,,,,,,,,,,,,,,,,,,,,,,,,,,primary,,,,,,,,,,50,,,,,,,,,,,,,,,,,,,,,,,,,,,,,,,,,,,,,,
57778274e4b0ea24642b5f29,3.3417451876563695,57500af0e4b09078f98230a5,2011,1229,gasoline,Opel,Corsa,69,51.18268614654235,6.410410716571759,2016-07-02T08:45:24Z,daylight,2,"Aachener Straße, Rönneter, Holt, Engelsholt, Mönchengladbach, Regierungsbezirk Düsseldorf, Nordrhein-Westfalen, 41069, Deutschland",60650495,33.4097321331501,%,31.183648489415646,km/h,1566.2938676178455,u/min,,,,,,,,,11.216509272317445,l/s,23.999999552965164,c,64.9031865298748,kPa,1.4044775806367396,precision,30.237907918553674,km/h,1.7089551858603953,precision,0.8179104298353196,precision,226.8739735436793,deg,122.98476755619049,m,5.0,%,17.026392812542838,%,3.6871144026245544,l/h,,,8.664718846167704,kg/h,,,,,,,,,,,,,,,,,,,,,,,,,,,,,,,,,,,,,,,,,,,primary,,,,,,,,,,50,,,,,,,,,,,,,,,,,,,,,,,,,,,,,,,,,,,,,,
57778274e4b0ea24642b5f29,3.3417451876563695,57500af0e4b09078f98230a5,2011,1229,gasoline,Opel,Corsa,70,51.182403452149565,6.409959474057708,2016-07-02T08:45:29Z,daylight,2,"Aachener Straße, Rönneter, Holt, Engelsholt, Mönchengladbach, Regierungsbezirk Düsseldorf, Nordrhein-Westfalen, 41069, Deutschland",60650495,21.00000062584877,%,34.00000012665987,km/h,1679.4205950200558,u/min,,,,,,,,,2.2727247063161897,l/s,24.0,c,21.00000062584877,kPa,1.7859141323715448,precision,31.741664696429638,km/h,2.2812188405543568,precision,1.2000000312924386,precision,228.98814446442657,deg,123.6851833418012,m,4.999999925494194,%,5.630360418602606,%,0.7470948219639577,l/h,,,1.7556728316153007,kg/h,,,,,,,,,,,,,,,,,,,,,,,,,,,,,,,,,,,,,,,,,,,primary,,,,,,,,,,50,,,,,,,,,,,,,,,,,,,,,,,,,,,,,,,,,,,,,,
57778274e4b0ea24642b5f29,3.3417451876563695,57500af0e4b09078f98230a5,2011,1229,gasoline,Opel,Corsa,71,51.182131564499336,6.4095540629692564,2016-07-02T08:45:34Z,daylight,2,"Aachener Straße, Rönneter, Holt, Engelsholt, Mönchengladbach, Regierungsbezirk Düsseldorf, Nordrhein-Westfalen, 41069, Deutschland",60650495,27.827770352363586,%,30.000000447034836,km/h,1504.0,u/min,,,,,,,,,5.19043614825371,l/s,24.0,c,50.44657610356808,kPa,2.7792208267375824,precision,27.919466265889497,km/h,3.37442563213408,precision,1.7840160146355628,precision,222.5055781313689,deg,123.40865145176647,m,9.999999962747097,%,11.908268307870657,%,1.7062110335308731,l/h,,,4.009595928797552,kg/h,,,,,,,,,,,,,,,,,,,,,,,,,,,,,,,,,,,,,,,,,,,primary,,,,,,,,,,50,,,,,,,,,,,,,,,,,,,,,,,,,,,,,,,,,,,,,,
57778274e4b0ea24642b5f29,3.3417451876563695,57500af0e4b09078f98230a5,2011,1229,gasoline,Opel,Corsa,72,51.18183789850867,6.409184551094482,2016-07-02T08:45:39Z,daylight,2,"Aachener Straße, Rönneter, Holt, Engelsholt, Mönchengladbach, Regierungsbezirk Düsseldorf, Nordrhein-Westfalen, 41069, Deutschland",30635475,31.254523634910583,%,34.639999985694885,km/h,1726.865973033011,u/min,,,,,,,,,6.683117294745017,l/s,24.000000715255737,c,75.61538280546665,kPa,1.8000000536441805,precision,29.921586870068268,km/h,2.3000000685453412,precision,1.2000000357627867,precision,221.09399154997004,deg,123.00050624851137,m,5.000000027939677,%,19.84898190661829,%,2.196888303984118,l/h,,,5.162687514362677,kg/h,,,,,,,,,,,,,,,,,,,,,,,,,,,,,,,,,,,,,,,,,,,primary,,,,,,,,,,50,,,,,,,,,,,,,,,,,,,,,,,,,,,,,,,,,,,,,,
57778274e4b0ea24642b5f29,3.3417451876563695,57500af0e4b09078f98230a5,2011,1229,gasoline,Opel,Corsa,73,51.18148587967958,6.408762394857589,2016-07-02T08:45:44Z,daylight,2,"Aachener Straße, Rönneter, Holt, Engelsholt, Mönchengladbach, Regierungsbezirk Düsseldorf, Nordrhein-Westfalen, 41069, Deutschland",30635475,24.720867216587067,%,26.136298418045044,km/h,1320.5150840133429,u/min,,,,,,,,,3.3597059127579882,l/s,24.0,c,34.00402736803517,kPa,1.4015794331207871,precision,32.569027513589596,km/h,1.7015794258564712,precision,0.7999999806284904,precision,219.18931930175086,deg,121.59999954700473,m,9.940769951790571,%,10.642070799797807,%,1.104409559049332,l/h,,,2.5953624637659303,kg/h,,,,,,,,,,,,,,,,,,,,,,,,,,,,,,,,,,,,,,,,,,,primary,,,,,,,,,,50,,,,,,,,,,,,,,,,,,,,,,,,,,,,,,,,,,,,,,
57778274e4b0ea24642b5f29,3.3417451876563695,57500af0e4b09078f98230a5,2011,1229,gasoline,Opel,Corsa,74,51.181510376245086,6.408418654355344,2016-07-02T08:45:49Z,daylight,2,"Hehnerholt, Rönneter, Holt, Engelsholt, Mönchengladbach, Regierungsbezirk Düsseldorf, Nordrhein-Westfalen, 41069, Deutschland",18680881,42.99999871850014,%,27.78138306736946,km/h,2091.7838667333126,u/min,,,,,,,,,17.08646386392047,l/s,24.000000715255737,c,95.05508598312736,kPa,1.887644805572927,precision,26.77905316026962,km/h,2.381467204168439,precision,1.187644799053669,precision,300.43883161503913,deg,121.90360632836817,m,10.000000223517418,%,34.11764424688681,%,5.616698160992896,l/h,,,13.199240678333306,kg/h,,,,,,,,,,,,,,,,,,,,,,,,,,,,,,,,,,,,,,,,,,,tertiary,,,,,,,,,,50,,,,,,,,,,,,,,,,,,,,,,,,,,,,,,,,,,,,,,
57778274e4b0ea24642b5f29,3.3417451876563695,57500af0e4b09078f98230a5,2011,1229,gasoline,Opel,Corsa,75,51.18187668828091,6.407905692250954,2016-07-02T08:45:54Z,daylight,2,"Hehnerholt, Rönneter, Holt, Engelsholt, Mönchengladbach, Regierungsbezirk Düsseldorf, Nordrhein-Westfalen, 41069, Deutschland",18680881,34.27496385574341,%,42.85967567563057,km/h,2124.0848339796066,u/min,,,,,,,,,9.699667502910415,l/s,23.0,c,68.18130105733871,kPa,1.7999999932944775,precision,40.32455757217099,km/h,2.0999999921768904,precision,0.9999999962747097,precision,315.2112008460972,deg,122.09400196671488,m,5.0,%,18.385695724351308,%,3.188495001641556,l/h,,,7.492963253857656,kg/h,,,,,,,,,,,,,,,,,,,,,,,,,,,,,,,,,,,,,,,,,,,tertiary,,,,,,,,,,50,,,,,,,,,,,,,,,,,,,,,,,,,,,,,,,,,,,,,,
57778274e4b0ea24642b5f29,3.3417451876563695,57500af0e4b09078f98230a5,2011,1229,gasoline,Opel,Corsa,76,51.1822900541018,6.407363980458006,2016-07-02T08:45:59Z,daylight,2,"Hehnerholt, Rönneter, Holt, Engelsholt, Mönchengladbach, Regierungsbezirk Düsseldorf, Nordrhein-Westfalen, 41069, Deutschland",18680881,35.61858528852463,%,45.808179169893265,km/h,2273.0508136451244,u/min,,,,,,,,,11.874437298642505,l/s,22.999999314546585,c,71.73492179811001,kPa,3.321500927209854,precision,42.48040748858989,km/h,3.812778804823756,precision,1.756389406323433,precision,319.8948930966212,deg,122.50000045634806,m,5.0000000186264515,%,21.987221984775033,%,3.903389880392003,l/h,,,9.172966218921207,kg/h,,,,,,,,,,,,,,,,,,,,,,,,,,,,,,,,,,,,,,,,,,,tertiary,,,,,,,,,,50,,,,,,,,,,,,,,,,,,,,,,,,,,,,,,,,,,,,,,
57778274e4b0ea24642b5f29,3.3417451876563695,57500af0e4b09078f98230a5,2011,1229,gasoline,Opel,Corsa,77,51.18272824115363,6.406726562299731,2016-07-02T08:46:04Z,daylight,2,"Hehnerholt, Rönneter, Holt, Engelsholt, Mönchengladbach, Regierungsbezirk Düsseldorf, Nordrhein-Westfalen, 41069, Deutschland",18680881,25.0,%,47.000000700354576,km/h,2334.5951859802008,u/min,,,,,,,,,3.5579387855081492,l/s,23.000000685453415,c,23.907949969172478,kPa,1.4066599547863006,precision,47.683213142509885,km/h,1.706659958139062,precision,0.8066599480807781,precision,319.47756273004325,deg,123.78135172799226,m,10.000000074505806,%,6.200911891773387,%,1.169573083854206,l/h,,,2.7484967470573842,kg/h,,,,,,,,,,,,,,,,,,,,,,,,,,,,,,,,,,,,,,,,,,,tertiary,,,,,,,,,,50,,,,,,,,,,,,,,,,,,,,,,,,,,,,,,,,,,,,,,
57778274e4b0ea24642b5f29,3.3417451876563695,57500af0e4b09078f98230a5,2011,1229,gasoline,Opel,Corsa,78,51.18315715683666,6.4061411678610165,2016-07-02T08:46:09Z,daylight,2,"Hehnerholt, Rönneter, Holt, Engelsholt, Mönchengladbach, Regierungsbezirk Düsseldorf, Nordrhein-Westfalen, 41069, Deutschland",18680881,22.999999314546585,%,41.1605107486248,km/h,2028.8225734829903,u/min,,,,,,,,,2.9285184546872074,l/s,23.0,c,20.999999687075615,kPa,1.448275889083743,precision,41.14326339280232,km/h,1.653639877587557,precision,0.8214559540152551,precision,325.79923589847766,deg,124.20282263103877,m,10.00000013038516,%,5.882352828979492,%,0.9626687154156004,l/h,,,2.262271481226661,kg/h,,,,,,,,,,,,,,,,,,,,,,,,,,,,,,,,,,,,,,,,,,,tertiary,,,,,,,,,,50,,,,,,,,,,,,,,,,,,,,,,,,,,,,,,,,,,,,,,
57778274e4b0ea24642b5f29,3.3417451876563695,57500af0e4b09078f98230a5,2011,1229,gasoline,Opel,Corsa,79,51.18358779492072,6.405772265837118,2016-07-02T08:46:14Z,daylight,2,"Hehnerholt, Rönneter, Holt, Engelsholt, Mönchengladbach, Regierungsbezirk Düsseldorf, Nordrhein-Westfalen, 41069, Deutschland",18680881,22.336487144231796,%,34.46025002002716,km/h,1716.8718664646149,u/min,,,,,,,,,2.700000114409548,l/s,24.0,c,22.881720259785652,kPa,2.3167702423408625,precision,35.99026745864004,km/h,2.622360311821103,precision,1.216770215705037,precision,330.835420925276,deg,125.50061686774715,m,9.999999916180968,%,6.974448824000632,%,0.8875496883417224,l/h,,,2.085741767603048,kg/h,,,,,,,,,,,,,,,,,,,,,,,,,,,,,,,,,,,,,,,,,,,tertiary,,,,,,,,,,50,,,,,,,,,,,,,,,,,,,,,,,,,,,,,,,,,,,,,,
57778274e4b0ea24642b5f29,3.3417451876563695,57500af0e4b09078f98230a5,2011,1229,gasoline,Opel,Corsa,80,51.183909164182964,6.4055450260048525,2016-07-02T08:46:19Z,daylight,2,"Hehnerholt, Rönneter, Holt, Engelsholt, Mönchengladbach, Regierungsbezirk Düsseldorf, Nordrhein-Westfalen, 41069, Deutschland",24273777,29.578651249408722,%,23.0,km/h,1593.256032437086,u/min,,,,,,,,,6.048147223775587,l/s,24.0,c,49.335226718336344,kPa,2.2963452107738704,precision,23.22343419697134,km/h,2.595736078033224,precision,1.0000000144355,precision,336.9546638473123,deg,126.69785019010311,m,5.000000111758709,%,15.672307684480444,%,1.9881596133490493,l/h,,,4.672175091370266,kg/h,,,,,,,,,,,,,,,,,,,,,,,,,,,,,,,,,,,,,,,,,,,tertiary,,,,,,,,,,,,,,,,,,,,,,,,,,,,,,,,,,,,,,,,,,,,,,,,
57778274e4b0ea24642b5f29,3.3417451876563695,57500af0e4b09078f98230a5,2011,1229,gasoline,Opel,Corsa,81,51.18412242555942,6.4053277006481535,2016-07-02T08:46:24Z,daylight,2,"Hehnerholt, Rönneter, Holt, Engelsholt, Mönchengladbach, Regierungsbezirk Düsseldorf, Nordrhein-Westfalen, 41069, Deutschland",24273777,35.92562010139227,%,27.514809548854828,km/h,2048.121018499136,u/min,,,,,,,,,11.161182499934796,l/s,23.000000685453415,c,77.79160839319229,kPa,1.9000000106170771,precision,22.495345782721415,km/h,2.300000012852251,precision,1.2000000067055225,precision,307.689416281253,deg,127.59937584036963,m,9.999999711290002,%,23.529411491225744,%,3.6689272702155202,l/h,,,8.621979085006473,kg/h,,,,,,,,,,,,,,,,,,,,,,,,,,,,,,,,,,,,,,,,,,,tertiary,,,,,,,,,,,,,,,,,,,,,,,,,,,,,,,,,,,,,,,,,,,,,,,,
57778274e4b0ea24642b5f29,3.3417451876563695,57500af0e4b09078f98230a5,2011,1229,gasoline,Opel,Corsa,82,51.18422967232794,6.404774255969515,2016-07-02T08:46:29Z,daylight,2,"Hehnerholt, Rönneter, Holt, Hehnerholt, Mönchengladbach, Regierungsbezirk Düsseldorf, Nordrhein-Westfalen, 41069, Deutschland",24273778,23.999999882653356,%,20.672676861286163,km/h,1277.4787167906761,u/min,,,,,,,,,3.171508896699983,l/s,23.0,c,33.72479563951492,kPa,1.799999946774915,precision,25.745646804909,km/h,2.1999999349471184,precision,1.1999999645166097,precision,279.16036919347766,deg,128.29696069508788,m,4.999999888241291,%,10.534181039562029,%,1.0425450420599862,l/h,,,2.449980848840968,kg/h,,,,,,,,,,,,,,,,,,,,,,,,,,,,,,,,,,,,,,,,,,,tertiary,,,,,,,,,,,,,,,,,,,,,,,,,,,,,,,,,,,,,,,,,,,,,,,,
57778274e4b0ea24642b5f29,3.3417451876563695,57500af0e4b09078f98230a5,2011,1229,gasoline,Opel,Corsa,83,51.18416423986931,6.404506010397381,2016-07-02T08:46:34Z,daylight,2,"Hehnerholt, Rönneter, Holt, Hehnerholt, Mönchengladbach, Regierungsbezirk Düsseldorf, Nordrhein-Westfalen, 41069, Deutschland",24273778,26.180821478366852,%,15.999999523162842,km/h,1209.0026633143425,u/min,,,,,,,,,3.6667245562321042,l/s,23.000000685453415,c,63.166666865348816,kPa,1.2999999709427357,precision,11.483661802958288,km/h,1.5050153195858003,precision,0.7999999821186067,precision,214.19226324488642,deg,128.7038474136964,m,4.999999897554517,%,13.566958782819086,%,1.2053333700804068,l/h,,,2.832533419688956,kg/h,,,,,,,,,,,,,,,,,,,,,,,,,,,,,,,,,,,,,,,,,,,tertiary,,,,,,,,,,,,,,,,,,,,,,,,,,,,,,,,,,,,,,,,,,,,,,,,
57778274e4b0ea24642b5f29,3.3417451876563695,57500af0e4b09078f98230a5,2011,1229,gasoline,Opel,Corsa,84,51.18399431830575,6.4043403439653925,2016-07-02T08:46:39Z,daylight,2,"Hehnerholt, Rönneter, Holt, Hehnerholt, Mönchengladbach, Regierungsbezirk Düsseldorf, Nordrhein-Westfalen, 41069, Deutschland",24273778,23.17337065935135,%,18.75555583834648,km/h,1369.6162452697754,u/min,,,,,,,,,2.8766481505538675,l/s,22.99999948590994,c,35.793248891830444,kPa,1.2091088972985744,precision,17.307386331260204,km/h,1.5045544385910035,precision,0.609108904004097,precision,215.81488583540613,deg,129.30469667315478,m,5.0,%,9.393347980632342,%,0.9456178004833972,l/h,,,2.2222018311359832,kg/h,,,,,,,,,,,,,,,,,,,,,,,,,,,,,,,,,,,,,,,,,,,tertiary,,,,,,,,,,,,,,,,,,,,,,,,,,,,,,,,,,,,,,,,,,,,,,,,
57778274e4b0ea24642b5f29,3.3417451876563695,57500af0e4b09078f98230a5,2011,1229,gasoline,Opel,Corsa,85,51.183830162375884,6.404340452628116,2016-07-02T08:46:44Z,daylight,2,"Fockestraße, Rönneter, Holt, Hehnerholt, Mönchengladbach, Regierungsbezirk Düsseldorf, Nordrhein-Westfalen, 41069, Deutschland",23781550,20.99999937415123,%,15.0,km/h,1128.1880853176117,u/min,,,,,,,,,2.349999869614841,l/s,22.99999974295497,c,32.60281592607498,kPa,1.3000000084750354,precision,13.102029276579819,km/h,1.500000009778887,precision,0.8000000052154065,precision,128.14663187117839,deg,130.0922940615565,m,5.000000083819032,%,8.265036585848875,%,0.772496875369897,l/h,,,1.8153676571192578,kg/h,,,,,,,,,,,,,,,,,,,,,,,,,,,,,,,,,,,,,,,,,,,residential,,,,,,,,,,30,,,,,,,,,,,,,,,,,,,,,,,,,,,,,,,,,,,,,,
57778274e4b0ea24642b5f29,3.3417451876563695,57500af0e4b09078f98230a5,2011,1229,gasoline,Opel,Corsa,86,51.183856239597745,6.404514842228945,2016-07-02T08:46:49Z,daylight,2,"Fockestraße, Rönneter, Holt, Hehnerholt, Mönchengladbach, Regierungsbezirk Düsseldorf, Nordrhein-Westfalen, 41069, Deutschland",23781550,21.00000062584877,%,10.000000279396772,km/h,922.5507178902626,u/min,,,,,,,,,2.3110525741075207,l/s,23.885006919503212,c,39.0,kPa,2.8969789302907882,precision,8.520796855412165,km/h,3.396676828991622,precision,1.7981873597949742,precision,31.193864572254768,deg,130.49675856530666,m,10.000000260770321,%,9.411765098571777,%,0.7596940388793385,l/h,,,1.7852809913664456,kg/h,,,,,,,,,,,,,,,,,,,,,,,,,,,,,,,,,,,,,,,,,,,residential,,,,,,,,,,30,,,,,,,,,,,,,,,,,,,,,,,,,,,,,,,,,,,,,,
57778274e4b0ea24642b5f29,3.3417451876563695,57500af0e4b09078f98230a5,2011,1229,gasoline,Opel,Corsa,87,51.1839098226793,6.4044948173830445,2016-07-02T08:46:54Z,daylight,2,"Fockestraße, Rönneter, Holt, Hehnerholt, Mönchengladbach, Regierungsbezirk Düsseldorf, Nordrhein-Westfalen, 41069, Deutschland",23781550,19.871369868516922,%,0.0,km/h,563.1898201704025,u/min,,,,,,,,,1.6064354655890618,l/s,23.99999964237213,c,47.118457317352295,kPa,1.3000000048428775,precision,0.8900701704271583,km/h,1.5000000055879354,precision,0.8000000029802323,precision,291.7115950054524,deg,130.4988942593336,m,4.9999999068677425,%,6.096702517868607,%,0.5280708282993766,l/h,,,1.240966446503535,kg/h,,,,,,,,,,,,,,,,,,,,,,,,,,,,,,,,,,,,,,,,,,,residential,,,,,,,,,,30,,,,,,,,,,,,,,,,,,,,,,,,,,,,,,,,,,,,,,
57778274e4b0ea24642b5f29,3.3417451876563695,57500af0e4b09078f98230a5,2011,1229,gasoline,Opel,Corsa,88,51.18391024977527,6.404493824484629,2016-07-02T08:46:59Z,daylight,2,"Fockestraße, Rönneter, Holt, Hehnerholt, Mönchengladbach, Regierungsbezirk Düsseldorf, Nordrhein-Westfalen, 41069, Deutschland",23781550,27.0,%,254.99999905005097,km/h,0.0,u/min,,,,,,,,,0.0,l/s,24.831168830394745,c,100.00000149011612,kPa,2.6349999688565733,precision,0.0,km/h,3.2199999619275332,precision,1.7499999791383742,precision,313.74427508962316,deg,130.40000267177817,m,5.000000102445483,%,0.0,%,0.0,l/h,,,0.0,kg/h,,,,,,,,,,,,,,,,,,,,,,,,,,,,,,,,,,,,,,,,,,,residential,,,,,,,,,,30,,,,,,,,,,,,,,,,,,,,,,,,,,,,,,,,,,,,,,
57778274e4b0ea24642b5f29,3.3417451876563695,57500af0e4b09078f98230a5,2011,1229,gasoline,Opel,Corsa,89,51.18390867670718,6.404493627651194,2016-07-02T08:47:04Z,daylight,2,"Fockestraße, Rönneter, Holt, Hehnerholt, Mönchengladbach, Regierungsbezirk Düsseldorf, Nordrhein-Westfalen, 41069, Deutschland",23781550,27.000000804662704,%,255.0,km/h,0.0,u/min,,,,,,,,,0.0,l/s,25.999999225139618,c,100.00000149011612,kPa,1.2000000312924384,precision,0.0,km/h,1.5000000391155481,precision,0.8000000208616257,precision,314.1099821336476,deg,130.39999866411088,m,4.999999948777258,%,0.0,%,0.0,l/h,,,0.0,kg/h,,,,,,,,,,,,,,,,,,,,,,,,,,,,,,,,,,,,,,,,,,,residential,,,,,,,,,,30,,,,,,,,,,,,,,,,,,,,,,,,,,,,,,,,,,,,,,
57778274e4b0ea24642b5f29,3.3417451876563695,57500af0e4b09078f98230a5,2011,1229,gasoline,Opel,Corsa,90,51.18391015443782,6.40449381255533,2016-07-02T08:47:09Z,daylight,2,"Fockestraße, Rönneter, Holt, Hehnerholt, Mönchengladbach, Regierungsbezirk Düsseldorf, Nordrhein-Westfalen, 41069, Deutschland",23781550,27.0,%,255.0,km/h,0.0,u/min,,,,,,,,,0.0,l/s,27.731469362974167,c,100.00000298023224,kPa,1.199999964237213,precision,0.0,km/h,1.3999999582767486,precision,0.7857425510883331,precision,314.1099912023169,deg,130.40000242888925,m,5.0000000931322575,%,0.0,%,0.0,l/h,,,0.0,kg/h,,,,,,,,,,,,,,,,,,,,,,,,,,,,,,,,,,,,,,,,,,,residential,,,,,,,,,,30,,,,,,,,,,,,,,,,,,,,,,,,,,,,,,,,,,,,,,
57778274e4b0ea24642b5f29,3.3417451876563695,57500af0e4b09078f98230a5,2011,1229,gasoline,Opel,Corsa,91,51.18390843836353,6.404493597827946,2016-07-02T08:47:14Z,daylight,2,"Fockestraße, Rönneter, Holt, Hehnerholt, Mönchengladbach, Regierungsbezirk Düsseldorf, Nordrhein-Westfalen, 41069, Deutschland",23781550,27.0,%,255.0,km/h,0.0,u/min,,,,,,,,,0.0,l/s,28.0,c,100.0,kPa,1.2,precision,0.0,km/h,1.4,precision,0.6,precision,314.109980670959,deg,130.39999805688856,m,4.999999925494194,%,0.0,%,0.0,l/h,,,0.0,kg/h,,,,,,,,,,,,,,,,,,,,,,,,,,,,,,,,,,,,,,,,,,,residential,,,,,,,,,,30,,,,,,,,,,,,,,,,,,,,,,,,,,,,,,,,,,,,,,
57778275e4b0ea24642b6041,0.5836371844955333,57500af0e4b09078f98230a5,2011,1229,gasoline,Opel,Corsa,0,51.18328510591039,6.405572726284272,2016-07-02T08:55:26Z,daylight,2,"Hehnerholt, Rönneter, Holt, Engelsholt, Mönchengladbach, Regierungsbezirk Düsseldorf, Nordrhein-Westfalen, 41069, Deutschland",18680881,22.0,%,12.0,km/h,979.4166961610317,u/min,,,,,,,,,2.5346121141312494,l/s,27.999999165534973,c,48.117165610194206,kPa,2.1836538434028627,precision,7.962619989422649,km/h,2.580384612083435,precision,1.2557692289352416,precision,138.85229969684906,deg,109.83173077106477,m,10.0,%,9.074414047739815,%,0.8331829987556498,l/h,,,1.957980047075777,kg/h,,,,,,,,,,,,,,,,,,,,,,,,,,,,,,,,,,,,,,,,,,,tertiary,,,,,,,,,,50,,,,,,,,,,,,,,,,,,,,,,,,,,,,,,,,,,,,,,
57778275e4b0ea24642b6041,0.5836371844955333,57500af0e4b09078f98230a5,2011,1229,gasoline,Opel,Corsa,1,51.18345680334309,6.40537129190546,2016-07-02T08:55:31Z,daylight,2,"Hehnerholt, Rönneter, Holt, Engelsholt, Mönchengladbach, Regierungsbezirk Düsseldorf, Nordrhein-Westfalen, 41069, Deutschland",18680881,22.429577611386776,%,3.000000089406967,km/h,771.056022644043,u/min,,,,,,,,,6.232626724805726,l/s,28.0,c,39.645251393318176,kPa,2.2925053596496583,precision,6.873036399981132,km/h,2.7540685296058656,precision,1.4462526798248292,precision,345.63468880453,deg,109.36415230333802,m,10.000000298023224,%,8.627450846573886,%,2.0488021010181816,l/h,,,4.814684937392727,kg/h,,,,,,,,,,,,,,,,,,,,,,,,,,,,,,,,,,,,,,,,,,,tertiary,,,,,,,,,,50,,,,,,,,,,,,,,,,,,,,,,,,,,,,,,,,,,,,,,
57778275e4b0ea24642b6041,0.5836371844955333,57500af0e4b09078f98230a5,2011,1229,gasoline,Opel,Corsa,2,51.183624326744905,6.405111562375189,2016-07-02T08:55:36Z,daylight,2,"Josef-Drauschke-Straße, Rönneter, Holt, Engelsholt, Mönchengladbach, Regierungsbezirk Düsseldorf, Nordrhein-Westfalen, 41069, Deutschland",23687825,55.942543314769864,%,22.036784142255783,km/h,1786.0217394828796,u/min,,,,,,,,,16.26055154335154,l/s,26.999999195337296,c,99.00000295042992,kPa,1.9392707765102386,precision,21.987598525236308,km/h,2.3392707645893096,precision,1.1999999642372132,precision,298.9237914011519,deg,109.62717350423335,m,10.000000298023224,%,40.76190549165261,%,5.34520253445332,l/h,,,12.561225955965304,kg/h,,,,,,,,,,,,,,,,,,,,,,,,,,,,,,,,,,,,,,,,,,,residential,,,,,,,,,,30,,,,,,,,,,,,,,,,,,,,,,,,,,,,,,,,,,,,,,
57778275e4b0ea24642b6041,0.5836371844955333,57500af0e4b09078f98230a5,2011,1229,gasoline,Opel,Corsa,3,51.183877627140006,6.404352143263392,2016-07-02T08:55:41Z,daylight,2,"Fockestraße, Rönneter, Holt, Hehnerholt, Mönchengladbach, Regierungsbezirk Düsseldorf, Nordrhein-Westfalen, 41069, Deutschland",23781550,36.18181765079498,%,41.38620567321777,km/h,2075.9513885974884,u/min,,,,,,,,,11.12108062814535,l/s,26.238557174801826,c,78.94206893444061,kPa,1.3,precision,43.34511016409101,km/h,1.5,precision,0.7150793671607971,precision,295.1654959694624,deg,111.88224673867225,m,10.0,%,24.765004366810047,%,3.65574489899313,l/h,,,8.591000512633856,kg/h,,,,,,,,,,,,,,,,,,,,,,,,,,,,,,,,,,,,,,,,,,,residential,,,,,,,,,,30,,,,,,,,,,,,,,,,,,,,,,,,,,,,,,,,,,,,,,
57778275e4b0ea24642b6041,0.5836371844955333,57500af0e4b09078f98230a5,2011,1229,gasoline,Opel,Corsa,4,51.184156534405204,6.403470007617015,2016-07-02T08:55:46Z,daylight,2,"Fockestraße, Rönneter, Holt, Hehnerholt, Mönchengladbach, Regierungsbezirk Düsseldorf, Nordrhein-Westfalen, 41069, Deutschland",23781550,25.000000558793545,%,40.629370629787445,km/h,2009.2647058963776,u/min,,,,,,,,,3.336288876812324,l/s,26.999999597668648,c,23.999999284744263,kPa,1.3273096829652786,precision,43.05365473130928,km/h,1.4848731398582458,precision,0.6000000178813933,precision,291.1546733372079,deg,114.16223726272582,m,9.999999701976776,%,7.058823585510254,%,1.096711861984602,l/h,,,2.5772728756638146,kg/h,,,,,,,,,,,,,,,,,,,,,,,,,,,,,,,,,,,,,,,,,,,residential,,,,,,,,,,30,,,,,,,,,,,,,,,,,,,,,,,,,,,,,,,,,,,,,,
57778275e4b0ea24642b6041,0.5836371844955333,57500af0e4b09078f98230a5,2011,1229,gasoline,Opel,Corsa,5,51.18435762296696,6.40281958201355,2016-07-02T08:55:52Z,daylight,2,"Hehnerholt, Rönneter, Holt, Hehnerholt, Mönchengladbach, Regierungsbezirk Düsseldorf, Nordrhein-Westfalen, 41069, Deutschland",24273778,24.000000536441803,%,18.169706016778946,km/h,1217.4944173693657,u/min,,,,,,,,,3.220561878839403,l/s,27.000000804662704,c,34.30167701840401,kPa,1.8,precision,27.22568162468133,km/h,2.1,precision,1.0,precision,288.2923516392075,deg,114.65834175944332,m,5.0,%,10.588234743651228,%,1.0586698410100763,l/h,,,2.4878741263736797,kg/h,,,,,,,,,,,,,,,,,,,,,,,,,,,,,,,,,,,,,,,,,,,tertiary,,,,,,,,,,,,,,,,,,,,,,,,,,,,,,,,,,,,,,,,,,,,,,,,
57778275e4b0ea24642b6041,0.5836371844955333,57500af0e4b09078f98230a5,2011,1229,gasoline,Opel,Corsa,6,51.18456278583728,6.402656196185731,2016-07-02T08:55:57Z,daylight,2,"Hehnerholt, Rönneter, Holt, Hehnerholt, Mönchengladbach, Regierungsbezirk Düsseldorf, Nordrhein-Westfalen, 41069, Deutschland",24273778,33.00000073760748,%,22.58791208267212,km/h,1691.7416661381721,u/min,,,,,,,,,8.009793681453832,l/s,26.999999597668648,c,75.6588049530983,kPa,1.8999999433755874,precision,20.409590765241376,km/h,2.341317296028137,precision,1.1999999642372132,precision,358.70118795964027,deg,113.97742597460746,m,7.9570432007312775,%,20.122613519333015,%,2.632996142376277,l/h,,,6.187540934584251,kg/h,,,,,,,,,,,,,,,,,,,,,,,,,,,,,,,,,,,,,,,,,,,tertiary,,,,,,,,,,,,,,,,,,,,,,,,,,,,,,,,,,,,,,,,,,,,,,,,
57778275e4b0ea24642b6041,0.5836371844955333,57500af0e4b09078f98230a5,2011,1229,gasoline,Opel,Corsa,7,51.18494403950896,6.402596579569444,2016-07-02T08:56:02Z,daylight,2,"Hehnerholt, Rönneter, Holt, Hehnerholt, Mönchengladbach, Regierungsbezirk Düsseldorf, Nordrhein-Westfalen, 41069, Deutschland",24273778,28.352288484573364,%,30.741476356983185,km/h,2240.17765045166,u/min,,,,,,,,,4.685443047024311,l/s,25.999999806284904,c,36.32382297515869,kPa,2.064071869850159,precision,30.022447368315056,km/h,2.5568862438201903,precision,1.2784431219100951,precision,6.70261651319484,deg,112.74331020712853,m,5.0,%,9.227380695767977,%,1.5402086444128675,l/h,,,3.619490314370239,kg/h,,,,,,,,,,,,,,,,,,,,,,,,,,,,,,,,,,,,,,,,,,,tertiary,,,,,,,,,,,,,,,,,,,,,,,,,,,,,,,,,,,,,,,,,,,,,,,,
57778275e4b0ea24642b6041,0.5836371844955333,57500af0e4b09078f98230a5,2011,1229,gasoline,Opel,Corsa,8,51.185372402805086,6.402588368604297,2016-07-02T08:56:06Z,daylight,2,"Hehner Straße, Rönneter, Holt, Hehnerholt, Mönchengladbach, Regierungsbezirk Düsseldorf, Nordrhein-Westfalen, 41069, Deutschland",24842043,23.0,%,24.83125901222229,km/h,1847.1439892351627,u/min,,,,,,,,,2.6287065007768664,l/s,27.000000704079866,c,22.000000655651093,kPa,2.9051829278469086,precision,27.356135251920023,km/h,3.4615853667259215,precision,1.6871951222419739,precision,4.939856959333326,deg,112.10000334084037,m,5.000000149011612,%,6.274509719773832,%,0.8641139024605506,l/h,,,2.030667670782294,kg/h,,,,,,,,,,,,,,,,,,,,,,,,,,,,,,,,,,,,,,,,,,,service,,1,,,,,,,,30,,,,,yes,,,,,,,,,,,,,,,,,,,,,,,,,,,,,,,,,
57778275e4b0ea24642b6041,0.5836371844955333,57500af0e4b09078f98230a5,2011,1229,gasoline,Opel,Corsa,9,51.18565440642837,6.402813894293184,2016-07-02T08:56:12Z,daylight,2,"Hehner Straße, Rönneter, Holt, Hehnerholt, Mönchengladbach, Regierungsbezirk Düsseldorf, Nordrhein-Westfalen, 41069, Deutschland",24842043,27.488145858049393,%,29.000000432133675,km/h,2147.3963837623596,u/min,,,,,,,,,5.318662902214317,l/s,26.00000048428774,c,33.31843462586403,kPa,2.100000062584877,precision,28.056109270598938,km/h,2.400000071525574,precision,1.0000000298023224,precision,48.920159848332446,deg,112.84406616985794,m,5.000000149011612,%,7.87263069588937,%,1.74836200045396,l/h,,,4.108650701066806,kg/h,,,,,,,,,,,,,,,,,,,,,,,,,,,,,,,,,,,,,,,,,,,service,,1,,,,,,,,30,,,,,yes,,,,,,,,,,,,,,,,,,,,,,,,,,,,,,,,,
57778275e4b0ea24642b6041,0.5836371844955333,57500af0e4b09078f98230a5,2011,1229,gasoline,Opel,Corsa,10,51.18593419540608,6.403237493031881,2016-07-02T08:56:17Z,daylight,2,"Hehner Straße, Rönneter, Holt, Hehnerholt, Mönchengladbach, Regierungsbezirk Düsseldorf, Nordrhein-Westfalen, 41069, Deutschland",24842043,24.88888907432556,%,26.68044078350067,km/h,1971.0581516325474,u/min,,,,,,,,,3.442216231822968,l/s,27.000000402331352,c,23.189150899648666,kPa,2.1000000625848774,precision,27.83543238123798,km/h,2.4000000715255734,precision,1.0000000298023224,precision,46.020319842972185,deg,114.17188717126848,m,5.0,%,6.674313250254215,%,1.1315325238152478,l/h,,,2.6591014309658325,kg/h,,,,,,,,,,,,,,,,,,,,,,,,,,,,,,,,,,,,,,,,,,,service,,1,,,,,,,,30,,,,,yes,,,,,,,,,,,,,,,,,,,,,,,,,,,,,,,,,
57778275e4b0ea24642b6041,0.5836371844955333,57500af0e4b09078f98230a5,2011,1229,gasoline,Opel,Corsa,11,51.18617965043093,6.403591093236418,2016-07-02T08:56:22Z,daylight,2,"Hehner Straße, Rönneter, Holt, Hehnerholt, Mönchengladbach, Regierungsbezirk Düsseldorf, Nordrhein-Westfalen, 41069, Deutschland",23785450,25.593495160341263,%,25.730366110801697,km/h,1444.090952128172,u/min,,,,,,,,,3.652272557507864,l/s,27.000000352039933,c,30.713512629270554,kPa,1.5122489511966706,precision,25.692469573499693,km/h,1.7122489452362062,precision,0.7999999761581421,precision,47.34457951526565,deg,117.96224899291991,m,5.0,%,10.196078300476074,%,1.2005826788137068,l/h,,,2.8213692952122114,kg/h,,,,,,,,,,,,,,,,,,,,,,,,,,,,,,,,,,,,,,,,,,,residential,,,,,,,,,,30,,,,,no,,,,,,,,,,,,,,,,,,,,,,,,,,,,,,,,,
57778275e4b0ea24642b6041,0.5836371844955333,57500af0e4b09078f98230a5,2011,1229,gasoline,Opel,Corsa,12,51.18631903204334,6.403895815516142,2016-07-02T08:56:27Z,daylight,2,"David-Gathen-Straße, Rönneter, Holt, Hehnerholt, Mönchengladbach, Regierungsbezirk Düsseldorf, Nordrhein-Westfalen, 41069, Deutschland",24842044,38.93361106514931,%,12.416666686534882,km/h,932.7500023245811,u/min,,,,,,,,,8.671692458824381,l/s,27.000000364612788,c,77.69090873003006,kPa,1.6020120203495025,precision,12.43511954810495,km/h,1.902012011408806,precision,0.9010060071945191,precision,83.8144898260282,deg,118.83998360037806,m,5.000000149011612,%,33.564717436916794,%,2.850576893737641,l/h,,,6.698855700283457,kg/h,,,,,,,,,,,,,,,,,,,,,,,,,,,,,,,,,,,,,,,,,,,residential,,,,,,,,,,,,,,,,,,,,,,,,,,,,,,,,,,,,,,,,,,,,,,,,
57778275e4b0ea24642b6041,0.5836371844955333,57500af0e4b09078f98230a5,2011,1229,gasoline,Opel,Corsa,13,51.18623338806425,6.404164920151683,2016-07-02T08:56:32Z,daylight,2,"David-Gathen-Straße, Rönneter, Holt, Hehnerholt, Mönchengladbach, Regierungsbezirk Düsseldorf, Nordrhein-Westfalen, 41069, Deutschland",24842044,23.103735148906708,%,21.00000023469329,km/h,1525.7517678067088,u/min,,,,,,,,,2.7936263914357156,l/s,26.00000038743019,c,29.737864077091217,kPa,1.8999999433755872,precision,19.4154746628642,km/h,2.299999931454658,precision,1.1999999642372132,precision,123.7302786657524,deg,121.3443000018597,m,5.0,%,7.853955515135453,%,0.9183267140728281,l/h,,,2.158067778071146,kg/h,,,,,,,,,,,,,,,,,,,,,,,,,,,,,,,,,,,,,,,,,,,residential,,,,,,,,,,,,,,,,,,,,,,,,,,,,,,,,,,,,,,,,,,,,,,,,
57778275e4b0ea24642b6041,0.5836371844955333,57500af0e4b09078f98230a5,2011,1229,gasoline,Opel,Corsa,14,51.18607344469406,6.40450529357377,2016-07-02T08:56:37Z,daylight,2,"David-Gathen-Straße, Rönneter, Holt, Hehnerholt, Mönchengladbach, Regierungsbezirk Düsseldorf, Nordrhein-Westfalen, 41069, Deutschland",24842044,22.0,%,19.000000283122063,km/h,1438.2722490169108,u/min,,,,,,,,,2.68478826058346,l/s,26.0,c,29.606276750564575,kPa,1.9,precision,20.16134838759899,km/h,2.350477200746536,precision,1.2,precision,126.99670892714221,deg,122.19576008319854,m,5.0,%,7.058823585510254,%,0.8825492159156696,l/h,,,2.0739906574018234,kg/h,,,,,,,,,,,,,,,,,,,,,,,,,,,,,,,,,,,,,,,,,,,residential,,,,,,,,,,,,,,,,,,,,,,,,,,,,,,,,,,,,,,,,,,,,,,,,
57778275e4b0ea24642b6041,0.5836371844955333,57500af0e4b09078f98230a5,2011,1229,gasoline,Opel,Corsa,15,51.185931746073265,6.404776217708691,2016-07-02T08:56:42Z,daylight,2,"David-Gathen-Straße, Rönneter, Holt, Hehnerholt, Mönchengladbach, Regierungsbezirk Düsseldorf, Nordrhein-Westfalen, 41069, Deutschland",24842044,22.999999314546585,%,15.294118106365204,km/h,1154.323926731944,u/min,,,,,,,,,3.0072638344037514,l/s,27.0,c,35.00552445463836,kPa,1.9000000566244124,precision,16.207099914521393,km/h,2.4000000715255734,precision,1.2000000357627867,precision,131.68338457123173,deg,123.69684418439864,m,5.0,%,10.476814207660752,%,0.9885540614393923,l/h,,,2.323102044382572,kg/h,,,,,,,,,,,,,,,,,,,,,,,,,,,,,,,,,,,,,,,,,,,residential,,,,,,,,,,,,,,,,,,,,,,,,,,,,,,,,,,,,,,,,,,,,,,,,
57778275e4b0ea24642b6041,0.5836371844955333,57500af0e4b09078f98230a5,2011,1229,gasoline,Opel,Corsa,16,51.18586510384816,6.404948781907127,2016-07-02T08:56:47Z,daylight,2,"David-Gathen-Straße, Rönneter, Holt, Hehnerholt, Mönchengladbach, Regierungsbezirk Düsseldorf, Nordrhein-Westfalen, 41069, Deutschland",24842044,20.861671149730682,%,4.862359523773193,km/h,850.6039353907108,u/min,,,,,,,,,1.9996765388600757,l/s,27.000000804662704,c,38.12651413679123,kPa,1.847826087474823,precision,6.994983996686017,km/h,2.247826087474823,precision,1.2,precision,113.98442948538559,deg,124.89822361469267,m,5.0,%,8.61856358419827,%,0.6573378569051065,l/h,,,1.5447439637270004,kg/h,,,,,,,,,,,,,,,,,,,,,,,,,,,,,,,,,,,,,,,,,,,residential,,,,,,,,,,,,,,,,,,,,,,,,,,,,,,,,,,,,,,,,,,,,,,,,
57778275e4b0ea24642b6041,0.5836371844955333,57500af0e4b09078f98230a5,2011,1229,gasoline,Opel,Corsa,17,51.1859019040223,6.404936659747264,2016-07-02T08:56:52Z,daylight,2,"David-Gathen-Straße, Rönneter, Holt, Hehnerholt, Mönchengladbach, Regierungsbezirk Düsseldorf, Nordrhein-Westfalen, 41069, Deutschland",24842044,21.02770772948861,%,4.593361139297485,km/h,897.8294097185135,u/min,,,,,,,,,2.1536566495296885,l/s,27.0,c,43.351677894592285,kPa,1.6017839431762695,precision,5.067846219955783,km/h,1.952229928970337,precision,1.1008919715881347,precision,159.94818332224358,deg,125.15713214278219,m,5.000000149011612,%,9.372848140534984,%,0.7079545211438505,l/h,,,1.6636931246880486,kg/h,,,,,,,,,,,,,,,,,,,,,,,,,,,,,,,,,,,,,,,,,,,residential,,,,,,,,,,,,,,,,,,,,,,,,,,,,,,,,,,,,,,,,,,,,,,,,
57778275e4b0ea24642b6041,0.5836371844955333,57500af0e4b09078f98230a5,2011,1229,gasoline,Opel,Corsa,18,51.18591264355928,6.40489443205297,2016-07-02T08:56:57Z,daylight,2,"David-Gathen-Straße, Rönneter, Holt, Hehnerholt, Mönchengladbach, Regierungsbezirk Düsseldorf, Nordrhein-Westfalen, 41069, Deutschland",24842044,23.971750741824508,%,254.9999924004078,km/h,0.0,u/min,,,,,,,,,0.0,l/s,27.0,c,87.17361152172089,kPa,1.3503983646631241,precision,0.5774925809107199,km/h,1.6503983557224273,precision,0.9007967829704284,precision,285.17969982230534,deg,124.60000000000002,m,5.0,%,0.0,%,0.0,l/h,,,0.0,kg/h,,,,,,,,,,,,,,,,,,,,,,,,,,,,,,,,,,,,,,,,,,,residential,,,,,,,,,,,,,,,,,,,,,,,,,,,,,,,,,,,,,,,,,,,,,,,,
